benchmark_name,solver_result,cpu_time_s,wall_time_s,max_rss_kb,exit_code
quant_ef_01,SAT,0.00,0.01,5504,0
quant_ef_02,UNSAT,0.00,0.01,5200,0
quant_ef_03,SAT,0.00,0.01,5504,0
quant_ef_04,SAT,0.01,0.02,5664,0
quant_ef_05,SAT,0.00,0.01,5488,0
quant_ef_06,SAT,0.23,0.24,6032,0
quant_ef_07,SAT,0.01,0.02,5744,0
quant_ef_08,SAT,0.00,0.01,5616,0
quant_ef_09,SAT,0.04,0.05,5744,0
quant_ef_10,SAT,0.01,0.01,5744,0
quant_ef_zenna_01,TIM,119.95,120.00,6736,124
quant_gen_rosenbrock_n2,SAT,0.00,0.01,5472,0
quant_gen_rosenbrock_n3,SAT,0.00,0.01,5504,0
quant_gen_rosenbrock_n4,SAT,0.00,0.01,5600,0
quant_gen_rosenbrock_n5,SAT,0.00,0.01,5792,0
quant_gen_sphere_n2,SAT,0.00,0.01,5296,0
quant_gen_sphere_n3,SAT,0.00,0.01,5376,0
quant_gen_sphere_n4,SAT,0.00,0.01,5504,0
quant_gen_sphere_n5,SAT,0.00,0.01,5520,0
quant_go_beale,SAT,0.00,0.01,5648,0
quant_go_booth,SAT,0.02,0.03,5712,0
quant_go_himmelblau,SAT,0.00,0.01,5504,0
quant_go_matyas,SAT,0.01,0.01,5392,0
quant_go_mccormick,SAT,0.15,0.15,5856,0
quant_go_rastrigin2,SAT,0.00,0.01,5520,0
quant_go_rosenbrock2,SAT,0.00,0.01,5456,0
quant_go_sphere2,SAT,0.00,0.01,5296,0
quant_go_three_hump,SAT,0.01,0.02,5552,0
quant_smtcomp_ETCS-d-braking-node2220,SAT,0.03,0.04,6288,0
quant_smtcomp_ETCS-essentials-live-range2.proof-node1388,SAT,0.09,0.10,6064,0
quant_native_ETCS-essentials-live-range2.proof-node577,SAT,5.73,5.75,11152,0
quant_smtcomp_ETCS-essentials-live2.proof-node1339,SAT,0.09,0.10,5968,0
quant_native_ETCS-essentials-live2.proof-node640,SAT,6.81,6.83,10832,0
quant_smtcomp_ETCS-essentials-node3023,SAT,0.01,0.02,6784,0
quant_smtcomp_ETCS-essentials-node4106,SAT,0.01,0.02,7264,0
quant_native_Ecoli-chemotaxis-node7007,SAT,1.84,1.85,8048,0
quant_smtcomp_Ecoli-chemotaxis-node7008,SAT,0.01,0.02,7408,0
quant_smtcomp_Ecoli-chemotaxis-node8284,SAT,0.01,0.01,5904,0
quant_smtcomp_Ecoli-chemotaxis-node8285,SAT,0.01,0.01,5824,0
quant_smtcomp_FTRM-entry-tang-feasible-node1796,ERR,0.00,0.01,5312,134
quant_smtcomp_accelerating-node2100,SAT,0.01,0.02,6992,0
quant_native_binary_driver-2007-10-09-node10279,SAT,0.14,0.15,8096,0
quant_smtcomp_binary_driver-2007-10-09-node10280,SAT,0.09,0.10,7104,0
quant_smtcomp_binary_driver-2007-10-09-node11383,SAT,0.07,0.08,7312,0
quant_smtcomp_binary_driver-2007-10-09-node11384,SAT,0.07,0.08,7456,0
quant_native_binary_driver-2007-10-09-node12552,SAT,0.11,0.12,7504,0
quant_smtcomp_binary_driver-2007-10-09-node12553,SAT,0.06,0.07,7456,0
quant_smtcomp_binary_driver-2007-10-09-node13791,SAT,0.07,0.08,7344,0
quant_smtcomp_binary_driver-2007-10-09-node13792,SAT,0.02,0.03,9616,0
quant_native_binary_driver-2007-10-09-node14895,SAT,0.25,0.25,8096,0
quant_smtcomp_binary_driver-2007-10-09-node14896,SAT,0.03,0.04,6256,0
quant_smtcomp_binary_driver-2007-10-09-node8745,SAT,0.01,0.02,6560,0
quant_smtcomp_binary_driver-2007-10-09-node8746,UNSAT,0.00,0.01,5904,0
quant_smtcomp_bouncing-ball-inv-node6247,UNSAT,0.00,0.01,4832,0
quant_native_bouncing-ball-inv-node6248,SAT,0.40,0.41,8320,0
quant_smtcomp_bouncing-ball-inv-node6249,UNSAT,0.00,0.01,5568,0
quant_smtcomp_bouncing-ball-inv-node6573,UNSAT,0.00,0.01,5952,0
quant_smtcomp_bouncing-ball-inv-node6574,UNSAT,0.00,0.01,5552,0
quant_smtcomp_bouncing-ball-inv-node6575,UNSAT,0.00,0.01,5440,0
quant_smtcomp_bouncing-ball-inv-node6576,SAT,0.00,0.01,5600,0
quant_smtcomp_bouncing-ball-inv-node6605,UNSAT,0.00,0.01,5648,0
quant_native_bouncing-ball-inv-node6606,SAT,0.35,0.36,7936,0
quant_smtcomp_bouncing-ball-inv-node6621,UNSAT,0.00,0.01,5472,0
quant_smtcomp_bouncing-ball-inv-node6622,SAT,0.04,0.04,7696,0
quant_smtcomp_bouncing-ball-inv-node6637,SAT,0.08,0.09,8016,0
quant_smtcomp_bouncing-ball-inv-node6638,SAT,0.06,0.08,7648,0
quant_smtcomp_bouncing-ball-node5808,UNSAT,0.00,0.02,5888,0
quant_smtcomp_bouncing-ball-node5809,UNSAT,0.00,0.01,5648,0
quant_smtcomp_bouncing-ball-node5810,UNSAT,0.00,0.01,5520,0
quant_smtcomp_bouncing-ball-node5839,SAT,0.05,0.06,8480,0
quant_native_bouncing-ball-node5840,SAT,0.14,0.15,10064,0
quant_smtcomp_bouncing-ball-node5841,UNSAT,0.00,0.01,5808,0
quant_smtcomp_bouncing-ball-node5856,SAT,0.02,0.02,6032,0
quant_smtcomp_bouncing-ball-node5857,SAT,0.07,0.08,8032,0
quant_smtcomp_bouncing-ball-node6059,UNSAT,0.00,0.01,4880,0
quant_smtcomp_bouncing-ball-node6060,SAT,0.09,0.10,7888,0
quant_smtcomp_bouncing-ball-simple-node5586,UNSAT,0.00,0.01,4816,0
quant_smtcomp_bouncing-ball-simple-node5587,SAT,0.00,0.01,6096,0
quant_smtcomp_bouncing-ball-simple-node5917,UNSAT,0.00,0.01,5568,0
quant_smtcomp_bouncing-ball-simple-node5918,UNSAT,0.00,0.01,5392,0
quant_smtcomp_bouncing-ball-simple-node5919,UNSAT,0.00,0.01,5328,0
quant_smtcomp_bouncing-ball-simple-node5920,UNSAT,0.00,0.01,5440,0
quant_smtcomp_bouncing-ball-simple-node5963,SAT,0.01,0.01,6208,0
quant_smtcomp_bouncing-ball-simple-node5964,SAT,0.01,0.01,5648,0
quant_smtcomp_bouncing-ball-simple-node5965,SAT,0.06,0.06,5936,0
quant_smtcomp_bouncing-ball-simple-node5980,UNSAT,0.00,0.01,4768,0
quant_smtcomp_bouncing-ball-simple-node5981,SAT,0.00,0.01,5696,0
quant_smtcomp_bouncing-ball-simple-node5982,UNSAT,0.00,0.01,5472,0
quant_smtcomp_breaking-node2128,SAT,0.01,0.02,6912,0
quant_smtcomp_controllability-lemma-node2220,SAT,0.03,0.04,6336,0
quant_smtcomp_cut-out-2,TIM,119.95,120.00,6896,124
quant_smtcomp_dccs-example-node3895,SAT,0.05,0.05,6720,0
quant_smtcomp_dccs-example-node3896,SAT,0.01,0.01,6512,0
quant_smtcomp_dccs-example-node3897,UNSAT,0.00,0.01,5680,0
quant_smtcomp_dccs-example-node5505-new,ERR,0.00,0.01,5472,134
quant_smtcomp_dccs-example-node5505,ERR,0.00,0.01,5376,134
quant_smtcomp_dccs-example-node5506-new,ERR,0.00,0.01,5408,134
quant_smtcomp_dccs-example-node5506,ERR,0.00,0.01,5408,134
quant_smtcomp_dccs-example-node6707-new,SAT,0.05,0.06,8768,0
quant_smtcomp_dccs-example-node6707,SAT,0.02,0.03,7168,0
quant_smtcomp_dccs-example-node6708-new,SAT,0.08,0.09,7904,0
quant_smtcomp_dccs-example-node6708,SAT,0.07,0.08,7872,0
quant_smtcomp_dccs-example-node6709-new,SAT,0.05,0.07,8544,0
quant_smtcomp_dccs-example-node6709,SAT,0.05,0.06,8480,0
quant_smtcomp_dccs-example-simple-node3457,SAT,0.01,0.02,5968,0
quant_smtcomp_dccs-example-simple-node3458,SAT,0.01,0.02,6352,0
quant_smtcomp_dccs-example-simple-node3459,UNSAT,0.00,0.01,5616,0
quant_smtcomp_dccs-example-simple-node5005,ERR,0.00,0.01,5360,134
quant_smtcomp_dccs-example-simple-node6245,SAT,0.04,0.05,9040,0
quant_smtcomp_dccs-example-simple-node6246,SAT,0.04,0.05,7040,0
quant_smtcomp_dccs-example-simple-node6247,SAT,0.03,0.04,6704,0
quant_smtcomp_dynamic_reaction_to_static_bounds.proof-node819,SAT,0.02,0.03,6480,0
quant_native_dynamic_reaction_to_static_bounds.proof-node829,SAT,0.25,0.25,7392,0
quant_smtcomp_dynamic_reaction_to_static_bounds.proof-node839,SAT,0.01,0.02,5904,0
quant_smtcomp_dynamic_reaction_to_static_bounds.proof-node849,SAT,0.00,0.01,5728,0
quant_smtcomp_intersection-example-onelane.proof-node10257,ERR,0.00,0.01,5696,134
quant_smtcomp_intersection-example-onelane.proof-node10267,ERR,0.00,0.02,5664,134
quant_smtcomp_intersection-example-onelane.proof-node10293,ERR,0.00,0.01,5776,134
quant_smtcomp_intersection-example-onelane.proof-node10808,ERR,0.00,0.02,5504,134
quant_smtcomp_intersection-example-onelane.proof-node11126,ERR,0.00,0.01,5712,134
quant_smtcomp_intersection-example-onelane.proof-node11136,ERR,0.00,0.02,5616,134
quant_smtcomp_intersection-example-onelane.proof-node11162,ERR,0.00,0.01,5696,134
quant_smtcomp_intersection-example-onelane.proof-node11532,ERR,0.00,0.01,5712,134
quant_smtcomp_intersection-example-onelane.proof-node11542,ERR,0.00,0.01,5648,134
quant_smtcomp_intersection-example-onelane.proof-node11568,ERR,0.00,0.01,5744,134
quant_smtcomp_intersection-example-onelane.proof-node12083,ERR,0.01,0.02,5584,134
quant_smtcomp_intersection-example-onelane.proof-node12481,ERR,0.00,0.01,5664,134
quant_smtcomp_intersection-example-onelane.proof-node12491,ERR,0.00,0.01,5664,134
quant_smtcomp_intersection-example-onelane.proof-node12517,ERR,0.00,0.02,5728,134
quant_smtcomp_intersection-example-onelane.proof-node12962,ERR,0.00,0.02,5616,134
quant_smtcomp_intersection-example-onelane.proof-node12972,ERR,0.00,0.02,5616,134
quant_smtcomp_intersection-example-onelane.proof-node13822,ERR,0.00,0.01,5648,134
quant_smtcomp_intersection-example-onelane.proof-node13832,ERR,0.00,0.01,5664,134
quant_smtcomp_intersection-example-onelane.proof-node14158,ERR,0.00,0.01,5616,134
quant_smtcomp_intersection-example-onelane.proof-node14168,ERR,0.00,0.01,5632,134
quant_smtcomp_intersection-example-onelane.proof-node14222,UNSAT,0.00,0.01,4848,0
quant_smtcomp_intersection-example-onelane.proof-node14432,ERR,0.00,0.01,5632,134
quant_smtcomp_intersection-example-onelane.proof-node14442,ERR,0.00,0.01,5600,134
quant_smtcomp_intersection-example-onelane.proof-node14496,ERR,0.00,0.01,5728,134
quant_smtcomp_intersection-example-onelane.proof-node1469,ERR,0.00,0.01,5664,134
quant_smtcomp_intersection-example-onelane.proof-node1479,ERR,0.00,0.01,5648,134
quant_smtcomp_intersection-example-onelane.proof-node15467,UNSAT,0.00,0.01,4880,0
quant_smtcomp_intersection-example-onelane.proof-node15885,ERR,0.00,0.01,5552,134
quant_smtcomp_intersection-example-onelane.proof-node16095,ERR,0.00,0.01,5696,134
quant_smtcomp_intersection-example-onelane.proof-node16105,ERR,0.00,0.01,5632,134
quant_smtcomp_intersection-example-onelane.proof-node16159,ERR,0.00,0.01,5712,134
quant_smtcomp_intersection-example-onelane.proof-node16753,ERR,0.00,0.01,5680,134
quant_smtcomp_intersection-example-onelane.proof-node16763,ERR,0.00,0.01,5696,134
quant_smtcomp_intersection-example-onelane.proof-node16789,ERR,0.00,0.01,5824,134
quant_smtcomp_intersection-example-onelane.proof-node17304,ERR,0.00,0.01,5584,134
quant_smtcomp_intersection-example-onelane.proof-node17872,ERR,0.00,0.01,5696,134
quant_smtcomp_intersection-example-onelane.proof-node17882,ERR,0.00,0.01,5696,134
quant_smtcomp_intersection-example-onelane.proof-node17908,ERR,0.00,0.01,5712,134
quant_smtcomp_intersection-example-onelane.proof-node18278,ERR,0.00,0.01,5712,134
quant_smtcomp_intersection-example-onelane.proof-node18288,ERR,0.00,0.01,5712,134
quant_smtcomp_intersection-example-onelane.proof-node18830,ERR,0.00,0.01,5536,134
quant_smtcomp_intersection-example-onelane.proof-node19355,ERR,0.00,0.01,5584,134
quant_smtcomp_intersection-example-onelane.proof-node19598,ERR,0.00,0.01,5712,134
quant_smtcomp_intersection-example-onelane.proof-node19624,ERR,0.00,0.01,5808,134
quant_smtcomp_intersection-example-onelane.proof-node19824,ERR,0.00,0.01,5568,134
quant_smtcomp_intersection-example-onelane.proof-node20269,ERR,0.00,0.01,5600,134
quant_smtcomp_intersection-example-onelane.proof-node20279,ERR,0.00,0.01,5632,134
quant_smtcomp_intersection-example-onelane.proof-node21152,ERR,0.00,0.01,5664,134
quant_smtcomp_intersection-example-onelane.proof-node21162,ERR,0.00,0.01,5680,134
quant_smtcomp_intersection-example-onelane.proof-node21488,ERR,0.00,0.01,5648,134
quant_smtcomp_intersection-example-onelane.proof-node21498,ERR,0.00,0.01,5600,134
quant_smtcomp_intersection-example-onelane.proof-node21552,UNSAT,0.00,0.01,4880,0
quant_smtcomp_intersection-example-onelane.proof-node21762,ERR,0.00,0.01,5632,134
quant_smtcomp_intersection-example-onelane.proof-node21772,ERR,0.00,0.01,5600,134
quant_smtcomp_intersection-example-onelane.proof-node22337,ERR,0.00,0.01,5600,134
quant_smtcomp_intersection-example-onelane.proof-node22852,UNSAT,0.00,0.01,4896,0
quant_smtcomp_intersection-example-onelane.proof-node23307,ERR,0.00,0.01,5600,134
quant_smtcomp_intersection-example-onelane.proof-node23317,ERR,0.00,0.01,5648,134
quant_smtcomp_intersection-example-onelane.proof-node23371,ERR,0.00,0.01,5696,134
quant_smtcomp_intersection-example-onelane.proof-node23782,ERR,0.00,0.01,5728,134
quant_smtcomp_intersection-example-onelane.proof-node24127,ERR,0.00,0.01,5648,134
quant_smtcomp_intersection-example-onelane.proof-node24137,ERR,0.00,0.01,5568,134
quant_smtcomp_intersection-example-onelane.proof-node25171,ERR,0.00,0.01,5664,134
quant_smtcomp_intersection-example-onelane.proof-node25181,ERR,0.00,0.01,5696,134
quant_smtcomp_intersection-example-onelane.proof-node25235,ERR,0.00,0.01,5472,134
quant_smtcomp_intersection-example-onelane.proof-node2524,ERR,0.00,0.01,5664,134
quant_smtcomp_intersection-example-onelane.proof-node2534,ERR,0.00,0.01,5632,134
quant_smtcomp_intersection-example-onelane.proof-node26128,ERR,0.00,0.01,5568,134
quant_smtcomp_intersection-example-onelane.proof-node26897,ERR,0.00,0.01,5712,134
quant_smtcomp_intersection-example-onelane.proof-node27070,ERR,0.00,0.01,5568,134
quant_smtcomp_intersection-example-onelane.proof-node27666,ERR,0.00,0.01,5600,134
quant_smtcomp_intersection-example-onelane.proof-node28706,ERR,0.00,0.01,5744,134
quant_smtcomp_intersection-example-onelane.proof-node28716,ERR,0.00,0.01,5712,134
quant_smtcomp_intersection-example-onelane.proof-node28742,ERR,0.00,0.01,5776,134
quant_smtcomp_intersection-example-onelane.proof-node29257,ERR,0.00,0.01,5616,134
quant_smtcomp_intersection-example-onelane.proof-node29803,ERR,0.00,0.01,5728,134
quant_smtcomp_intersection-example-onelane.proof-node29813,ERR,0.00,0.01,5728,134
quant_smtcomp_intersection-example-onelane.proof-node29839,ERR,0.00,0.01,5792,134
quant_smtcomp_intersection-example-onelane.proof-node30209,ERR,0.00,0.01,5824,134
quant_smtcomp_intersection-example-onelane.proof-node30219,ERR,0.00,0.01,5744,134
quant_smtcomp_intersection-example-onelane.proof-node3023,ERR,0.00,0.01,5696,134
quant_smtcomp_intersection-example-onelane.proof-node3033,ERR,0.00,0.01,5760,134
quant_smtcomp_intersection-example-onelane.proof-node3059,ERR,0.00,0.01,5776,134
quant_smtcomp_intersection-example-onelane.proof-node30761,ERR,0.00,0.01,5536,134
quant_smtcomp_intersection-example-onelane.proof-node31286,ERR,0.00,0.01,5520,134
quant_smtcomp_intersection-example-onelane.proof-node31529,ERR,0.00,0.01,5776,134
quant_smtcomp_intersection-example-onelane.proof-node31555,ERR,0.00,0.01,5824,134
quant_smtcomp_intersection-example-onelane.proof-node31777,ERR,0.00,0.01,5664,134
quant_smtcomp_intersection-example-onelane.proof-node32239,ERR,0.00,0.01,5664,134
quant_smtcomp_intersection-example-onelane.proof-node32249,ERR,0.00,0.01,5664,134
quant_smtcomp_intersection-example-onelane.proof-node32497,ERR,0.00,0.01,5664,134
quant_smtcomp_intersection-example-onelane.proof-node32507,ERR,0.00,0.01,5680,134
quant_smtcomp_intersection-example-onelane.proof-node34026,ERR,0.00,0.01,5680,134
quant_smtcomp_intersection-example-onelane.proof-node34036,ERR,0.00,0.01,5712,134
quant_smtcomp_intersection-example-onelane.proof-node35453,ERR,0.00,0.01,5680,134
quant_smtcomp_intersection-example-onelane.proof-node35942,ERR,0.00,0.01,5648,134
quant_smtcomp_intersection-example-onelane.proof-node35952,ERR,0.00,0.01,5696,134
quant_smtcomp_intersection-example-onelane.proof-node3612,ERR,0.00,0.01,5616,134
quant_smtcomp_intersection-example-onelane.proof-node37008,ERR,0.00,0.01,5728,134
quant_smtcomp_intersection-example-onelane.proof-node37018,ERR,0.00,0.01,5632,134
quant_smtcomp_intersection-example-onelane.proof-node37491,ERR,0.00,0.01,5616,134
quant_smtcomp_intersection-example-onelane.proof-node37501,ERR,0.00,0.01,5616,134
quant_smtcomp_intersection-example-onelane.proof-node37527,ERR,0.00,0.01,5808,134
quant_smtcomp_intersection-example-onelane.proof-node38042,ERR,0.00,0.01,5568,134
quant_smtcomp_intersection-example-onelane.proof-node38360,ERR,0.00,0.01,5680,134
quant_smtcomp_intersection-example-onelane.proof-node38370,ERR,0.00,0.01,5648,134
quant_smtcomp_intersection-example-onelane.proof-node38396,ERR,0.00,0.01,5744,134
quant_smtcomp_intersection-example-onelane.proof-node3855,ERR,0.00,0.01,5696,134
quant_smtcomp_intersection-example-onelane.proof-node3865,ERR,0.00,0.01,5680,134
quant_smtcomp_intersection-example-onelane.proof-node38766,ERR,0.00,0.01,5744,134
quant_smtcomp_intersection-example-onelane.proof-node38776,ERR,0.00,0.01,5744,134
quant_smtcomp_intersection-example-onelane.proof-node38802,ERR,0.00,0.01,5776,134
quant_smtcomp_intersection-example-onelane.proof-node3891,ERR,0.00,0.01,5712,134
quant_smtcomp_intersection-example-onelane.proof-node39317,ERR,0.00,0.01,5488,134
quant_smtcomp_intersection-example-onelane.proof-node39715,ERR,0.00,0.01,5680,134
quant_smtcomp_intersection-example-onelane.proof-node39725,ERR,0.00,0.01,5792,134
quant_smtcomp_intersection-example-onelane.proof-node39751,ERR,0.00,0.01,5744,134
quant_smtcomp_intersection-example-onelane.proof-node40196,ERR,0.00,0.01,5632,134
quant_smtcomp_intersection-example-onelane.proof-node40206,ERR,0.00,0.01,5648,134
quant_smtcomp_intersection-example-onelane.proof-node41056,ERR,0.00,0.01,5648,134
quant_smtcomp_intersection-example-onelane.proof-node41066,ERR,0.00,0.01,5616,134
quant_smtcomp_intersection-example-onelane.proof-node41392,ERR,0.00,0.01,5600,134
quant_smtcomp_intersection-example-onelane.proof-node41402,ERR,0.00,0.01,5648,134
quant_smtcomp_intersection-example-onelane.proof-node41456,UNSAT,0.00,0.01,4848,0
quant_smtcomp_intersection-example-onelane.proof-node41666,ERR,0.00,0.01,5632,134
quant_smtcomp_intersection-example-onelane.proof-node41676,ERR,0.00,0.01,5616,134
quant_smtcomp_intersection-example-onelane.proof-node41730,ERR,0.00,0.01,5744,134
quant_smtcomp_intersection-example-onelane.proof-node4261,ERR,0.00,0.01,5712,134
quant_smtcomp_intersection-example-onelane.proof-node42701,UNSAT,0.00,0.01,4896,0
quant_smtcomp_intersection-example-onelane.proof-node4271,ERR,0.00,0.01,5776,134
quant_smtcomp_intersection-example-onelane.proof-node43119,ERR,0.00,0.01,5584,134
quant_smtcomp_intersection-example-onelane.proof-node43329,ERR,0.00,0.01,5616,134
quant_smtcomp_intersection-example-onelane.proof-node43339,ERR,0.00,0.01,5632,134
quant_smtcomp_intersection-example-onelane.proof-node43393,ERR,0.00,0.01,5824,134
quant_smtcomp_intersection-example-onelane.proof-node43987,ERR,0.00,0.01,5744,134
quant_smtcomp_intersection-example-onelane.proof-node43997,ERR,0.00,0.01,5776,134
quant_smtcomp_intersection-example-onelane.proof-node44023,ERR,0.00,0.01,5744,134
quant_smtcomp_intersection-example-onelane.proof-node44538,ERR,0.00,0.01,5488,134
quant_smtcomp_intersection-example-onelane.proof-node45106,ERR,0.00,0.01,5712,134
quant_smtcomp_intersection-example-onelane.proof-node45116,ERR,0.00,0.01,5696,134
quant_smtcomp_intersection-example-onelane.proof-node45142,ERR,0.00,0.01,5728,134
quant_smtcomp_intersection-example-onelane.proof-node45512,ERR,0.00,0.01,5744,134
quant_smtcomp_intersection-example-onelane.proof-node45522,ERR,0.00,0.01,5792,134
quant_smtcomp_intersection-example-onelane.proof-node46064,ERR,0.00,0.01,5488,134
quant_smtcomp_intersection-example-onelane.proof-node46589,ERR,0.00,0.01,5536,134
quant_smtcomp_intersection-example-onelane.proof-node46832,ERR,0.00,0.01,5728,134
quant_smtcomp_intersection-example-onelane.proof-node46858,ERR,0.00,0.01,5792,134
quant_smtcomp_intersection-example-onelane.proof-node47058,ERR,0.00,0.01,5584,134
quant_smtcomp_intersection-example-onelane.proof-node47503,ERR,0.00,0.01,5648,134
quant_smtcomp_intersection-example-onelane.proof-node47513,ERR,0.00,0.01,5632,134
quant_smtcomp_intersection-example-onelane.proof-node4813,ERR,0.00,0.01,5632,134
quant_smtcomp_intersection-example-onelane.proof-node48386,ERR,0.00,0.01,5696,134
quant_smtcomp_intersection-example-onelane.proof-node48396,ERR,0.00,0.01,5664,134
quant_smtcomp_intersection-example-onelane.proof-node48722,ERR,0.00,0.01,5632,134
quant_smtcomp_intersection-example-onelane.proof-node48732,ERR,0.00,0.01,5616,134
quant_smtcomp_intersection-example-onelane.proof-node48786,UNSAT,0.00,0.01,4864,0
quant_smtcomp_intersection-example-onelane.proof-node48996,ERR,0.00,0.01,5664,134
quant_smtcomp_intersection-example-onelane.proof-node49006,ERR,0.00,0.01,5664,134
quant_smtcomp_intersection-example-onelane.proof-node49571,ERR,0.00,0.01,5472,134
quant_smtcomp_intersection-example-onelane.proof-node50086,UNSAT,0.00,0.01,4864,0
quant_smtcomp_intersection-example-onelane.proof-node50541,ERR,0.00,0.01,5696,134
quant_smtcomp_intersection-example-onelane.proof-node50551,ERR,0.00,0.01,5712,134
quant_smtcomp_intersection-example-onelane.proof-node50605,ERR,0.00,0.01,5744,134
quant_smtcomp_intersection-example-onelane.proof-node51016,ERR,0.00,0.01,5696,134
quant_smtcomp_intersection-example-onelane.proof-node51361,ERR,0.00,0.01,5696,134
quant_smtcomp_intersection-example-onelane.proof-node51371,ERR,0.00,0.01,5696,134
quant_smtcomp_intersection-example-onelane.proof-node52405,ERR,0.00,0.01,5632,134
quant_smtcomp_intersection-example-onelane.proof-node52415,ERR,0.00,0.01,5648,134
quant_smtcomp_intersection-example-onelane.proof-node52469,ERR,0.00,0.01,5600,134
quant_smtcomp_intersection-example-onelane.proof-node53362,ERR,0.00,0.01,5568,134
quant_smtcomp_intersection-example-onelane.proof-node5338,ERR,0.00,0.01,5632,134
quant_smtcomp_intersection-example-onelane.proof-node53595,ERR,0.00,0.01,5680,134
quant_smtcomp_intersection-example-onelane.proof-node53901,ERR,0.00,0.01,5728,134
quant_smtcomp_intersection-example-onelane.proof-node53911,ERR,0.00,0.01,5696,134
quant_smtcomp_intersection-example-onelane.proof-node54078,ERR,0.00,0.01,5776,134
quant_smtcomp_intersection-example-onelane.proof-node54732,ERR,0.00,0.01,5536,134
quant_smtcomp_intersection-example-onelane.proof-node54847,ERR,0.00,0.01,5520,134
quant_smtcomp_intersection-example-onelane.proof-node54859,ERR,0.00,0.01,5712,134
quant_smtcomp_intersection-example-onelane.proof-node54870,ERR,0.00,0.01,5872,134
quant_smtcomp_intersection-example-onelane.proof-node54881,ERR,0.00,0.01,5808,134
quant_smtcomp_intersection-example-onelane.proof-node54892,ERR,0.00,0.01,5744,134
quant_smtcomp_intersection-example-onelane.proof-node54903,ERR,0.00,0.01,5824,134
quant_smtcomp_intersection-example-onelane.proof-node54914,ERR,0.00,0.01,5776,134
quant_smtcomp_intersection-example-onelane.proof-node5581,ERR,0.00,0.01,5664,134
quant_smtcomp_intersection-example-onelane.proof-node5607,ERR,0.00,0.01,5792,134
quant_smtcomp_intersection-example-onelane.proof-node6094,ERR,0.00,0.01,5632,134
quant_smtcomp_intersection-example-onelane.proof-node6556,ERR,0.00,0.01,5696,134
quant_smtcomp_intersection-example-onelane.proof-node6566,ERR,0.00,0.01,5696,134
quant_smtcomp_intersection-example-onelane.proof-node6814,ERR,0.00,0.01,5696,134
quant_smtcomp_intersection-example-onelane.proof-node6824,ERR,0.00,0.01,5664,134
quant_smtcomp_intersection-example-onelane.proof-node8099,ERR,0.00,0.01,5712,134
quant_smtcomp_intersection-example-onelane.proof-node8109,ERR,0.00,0.01,5648,134
quant_smtcomp_intersection-example-onelane.proof-node8697,ERR,0.00,0.01,5680,134
quant_smtcomp_intersection-example-onelane.proof-node8707,ERR,0.00,0.01,5616,134
quant_smtcomp_intersection-example-onelane.proof-node9774,ERR,0.00,0.01,5664,134
quant_smtcomp_intersection-example-onelane.proof-node9784,ERR,0.00,0.01,5712,134
quant_smtcomp_intersection-example-simple.proof-node100190,UNSAT,0.00,0.01,4896,0
quant_smtcomp_intersection-example-simple.proof-node100399,UNSAT,0.00,0.01,4848,0
quant_smtcomp_intersection-example-simple.proof-node100511,UNSAT,0.00,0.01,4896,0
quant_smtcomp_intersection-example-simple.proof-node100623,UNSAT,0.00,0.01,4864,0
quant_smtcomp_intersection-example-simple.proof-node101377,UNSAT,0.00,0.01,4928,0
quant_smtcomp_intersection-example-simple.proof-node101581,UNSAT,0.00,0.01,4944,0
quant_smtcomp_intersection-example-simple.proof-node101795,UNSAT,0.00,0.01,4896,0
quant_smtcomp_intersection-example-simple.proof-node101907,UNSAT,0.00,0.01,4832,0
quant_smtcomp_intersection-example-simple.proof-node102319,UNSAT,0.00,0.01,4928,0
quant_smtcomp_intersection-example-simple.proof-node102533,UNSAT,0.00,0.01,4928,0
quant_smtcomp_intersection-example-simple.proof-node10264,UNSAT,0.00,0.01,4912,0
quant_smtcomp_intersection-example-simple.proof-node102645,UNSAT,0.00,0.01,4864,0
quant_smtcomp_intersection-example-simple.proof-node102986,UNSAT,0.00,0.01,4944,0
quant_smtcomp_intersection-example-simple.proof-node103190,UNSAT,0.00,0.01,4928,0
quant_smtcomp_intersection-example-simple.proof-node103404,UNSAT,0.00,0.01,4880,0
quant_smtcomp_intersection-example-simple.proof-node103516,UNSAT,0.00,0.01,4864,0
quant_smtcomp_intersection-example-simple.proof-node104009,UNSAT,0.00,0.01,4736,0
quant_smtcomp_intersection-example-simple.proof-node104213,UNSAT,0.00,0.01,4752,0
quant_smtcomp_intersection-example-simple.proof-node104427,UNSAT,0.00,0.01,4752,0
quant_smtcomp_intersection-example-simple.proof-node104539,UNSAT,0.00,0.01,4752,0
quant_smtcomp_intersection-example-simple.proof-node104870,UNSAT,0.00,0.01,4720,0
quant_smtcomp_intersection-example-simple.proof-node105206,UNSAT,0.00,0.01,4512,0
quant_smtcomp_intersection-example-simple.proof-node105318,UNSAT,0.00,0.01,4736,0
quant_smtcomp_intersection-example-simple.proof-node105659,UNSAT,0.00,0.01,4720,0
quant_smtcomp_intersection-example-simple.proof-node10570,UNSAT,0.00,0.03,4944,0
quant_smtcomp_intersection-example-simple.proof-node105863,UNSAT,0.00,0.02,4512,0
quant_smtcomp_intersection-example-simple.proof-node106077,UNSAT,0.00,0.02,4512,0
quant_smtcomp_intersection-example-simple.proof-node106189,UNSAT,0.00,0.02,4768,0
quant_smtcomp_intersection-example-simple.proof-node106622,UNSAT,0.00,0.01,4752,0
quant_smtcomp_intersection-example-simple.proof-node106836,UNSAT,0.00,0.01,4752,0
quant_smtcomp_intersection-example-simple.proof-node106948,UNSAT,0.00,0.01,4736,0
quant_smtcomp_intersection-example-simple.proof-node107314,UNSAT,0.00,0.01,4784,0
quant_smtcomp_intersection-example-simple.proof-node107518,UNSAT,0.00,0.01,4752,0
quant_smtcomp_intersection-example-simple.proof-node107732,UNSAT,0.00,0.01,4752,0
quant_smtcomp_intersection-example-simple.proof-node10779,UNSAT,0.00,0.01,4896,0
quant_smtcomp_intersection-example-simple.proof-node107844,UNSAT,0.00,0.01,4736,0
quant_smtcomp_intersection-example-simple.proof-node108273,UNSAT,0.00,0.01,4912,0
quant_smtcomp_intersection-example-simple.proof-node108385,UNSAT,0.00,0.01,4944,0
quant_smtcomp_intersection-example-simple.proof-node108589,UNSAT,0.00,0.01,4960,0
quant_smtcomp_intersection-example-simple.proof-node108798,UNSAT,0.00,0.01,4928,0
quant_smtcomp_intersection-example-simple.proof-node10891,UNSAT,0.00,0.01,4928,0
quant_smtcomp_intersection-example-simple.proof-node108910,UNSAT,0.00,0.01,4944,0
quant_smtcomp_intersection-example-simple.proof-node109022,UNSAT,0.00,0.01,4896,0
quant_smtcomp_intersection-example-simple.proof-node109389,UNSAT,0.00,0.01,4928,0
quant_smtcomp_intersection-example-simple.proof-node109593,UNSAT,0.00,0.01,4912,0
quant_smtcomp_intersection-example-simple.proof-node109802,UNSAT,0.00,0.01,4928,0
quant_smtcomp_intersection-example-simple.proof-node109914,UNSAT,0.00,0.01,4928,0
quant_smtcomp_intersection-example-simple.proof-node110026,UNSAT,0.00,0.01,4896,0
quant_smtcomp_intersection-example-simple.proof-node11003,UNSAT,0.00,0.01,4880,0
quant_smtcomp_intersection-example-simple.proof-node110362,UNSAT,0.00,0.01,4928,0
quant_smtcomp_intersection-example-simple.proof-node110474,UNSAT,0.00,0.01,4960,0
quant_smtcomp_intersection-example-simple.proof-node110678,UNSAT,0.00,0.01,4928,0
quant_smtcomp_intersection-example-simple.proof-node110836,UNSAT,0.00,0.01,4896,0
quant_smtcomp_intersection-example-simple.proof-node111070,UNSAT,0.00,0.01,4896,0
quant_smtcomp_intersection-example-simple.proof-node111182,UNSAT,0.00,0.01,4912,0
quant_smtcomp_intersection-example-simple.proof-node111386,UNSAT,0.00,0.01,4896,0
quant_smtcomp_intersection-example-simple.proof-node111595,UNSAT,0.00,0.01,4880,0
quant_smtcomp_intersection-example-simple.proof-node111707,UNSAT,0.00,0.01,4896,0
quant_smtcomp_intersection-example-simple.proof-node111819,UNSAT,0.00,0.01,4880,0
quant_smtcomp_intersection-example-simple.proof-node112508,UNSAT,0.00,0.01,4736,0
quant_smtcomp_intersection-example-simple.proof-node112712,UNSAT,0.00,0.01,4512,0
quant_smtcomp_intersection-example-simple.proof-node112926,UNSAT,0.00,0.01,4496,0
quant_smtcomp_intersection-example-simple.proof-node113038,UNSAT,0.00,0.01,4736,0
quant_smtcomp_intersection-example-simple.proof-node11329,UNSAT,0.00,0.01,4912,0
quant_smtcomp_intersection-example-simple.proof-node113379,UNSAT,0.00,0.01,4736,0
quant_smtcomp_intersection-example-simple.proof-node113583,UNSAT,0.00,0.01,4496,0
quant_smtcomp_intersection-example-simple.proof-node113723,UNSAT,0.00,0.01,4720,0
quant_smtcomp_intersection-example-simple.proof-node113962,UNSAT,0.00,0.01,4752,0
quant_smtcomp_intersection-example-simple.proof-node114166,UNSAT,0.00,0.01,4752,0
quant_smtcomp_intersection-example-simple.proof-node114380,UNSAT,0.00,0.01,4752,0
quant_smtcomp_intersection-example-simple.proof-node11441,UNSAT,0.00,0.01,4896,0
quant_smtcomp_intersection-example-simple.proof-node114492,UNSAT,0.00,0.01,4752,0
quant_smtcomp_intersection-example-simple.proof-node114955,UNSAT,0.00,0.01,4896,0
quant_smtcomp_intersection-example-simple.proof-node115261,UNSAT,0.00,0.01,4880,0
quant_smtcomp_intersection-example-simple.proof-node115373,UNSAT,0.00,0.01,4848,0
quant_smtcomp_intersection-example-simple.proof-node115704,UNSAT,0.00,0.01,4880,0
quant_smtcomp_intersection-example-simple.proof-node115908,UNSAT,0.00,0.01,4880,0
quant_smtcomp_intersection-example-simple.proof-node116122,UNSAT,0.00,0.01,4848,0
quant_smtcomp_intersection-example-simple.proof-node116234,UNSAT,0.00,0.01,4848,0
quant_smtcomp_intersection-example-simple.proof-node116679,UNSAT,0.00,0.01,4880,0
quant_smtcomp_intersection-example-simple.proof-node116893,UNSAT,0.00,0.01,4896,0
quant_smtcomp_intersection-example-simple.proof-node117005,UNSAT,0.00,0.01,4880,0
quant_smtcomp_intersection-example-simple.proof-node117244,UNSAT,0.00,0.01,4864,0
quant_smtcomp_intersection-example-simple.proof-node117448,UNSAT,0.00,0.01,4848,0
quant_smtcomp_intersection-example-simple.proof-node117662,UNSAT,0.00,0.01,4864,0
quant_smtcomp_intersection-example-simple.proof-node117774,UNSAT,0.00,0.01,4880,0
quant_smtcomp_intersection-example-simple.proof-node118232,UNSAT,0.00,0.01,4912,0
quant_smtcomp_intersection-example-simple.proof-node118436,UNSAT,0.00,0.01,4912,0
quant_smtcomp_intersection-example-simple.proof-node118650,UNSAT,0.00,0.01,4864,0
quant_smtcomp_intersection-example-simple.proof-node118762,UNSAT,0.00,0.01,4912,0
quant_smtcomp_intersection-example-simple.proof-node119103,UNSAT,0.00,0.01,4944,0
quant_smtcomp_intersection-example-simple.proof-node119307,UNSAT,0.00,0.01,4880,0
quant_smtcomp_intersection-example-simple.proof-node119447,UNSAT,0.00,0.01,4960,0
quant_smtcomp_intersection-example-simple.proof-node119686,UNSAT,0.00,0.01,4928,0
quant_smtcomp_intersection-example-simple.proof-node119890,UNSAT,0.00,0.01,4896,0
quant_smtcomp_intersection-example-simple.proof-node120104,UNSAT,0.00,0.01,4960,0
quant_smtcomp_intersection-example-simple.proof-node120216,UNSAT,0.00,0.01,4896,0
quant_smtcomp_intersection-example-simple.proof-node12050,UNSAT,0.00,0.01,4944,0
quant_smtcomp_intersection-example-simple.proof-node120657,UNSAT,0.00,0.01,4752,0
quant_smtcomp_intersection-example-simple.proof-node120958,UNSAT,0.00,0.01,4752,0
quant_smtcomp_intersection-example-simple.proof-node121070,UNSAT,0.00,0.01,4784,0
quant_smtcomp_intersection-example-simple.proof-node121407,UNSAT,0.00,0.01,4752,0
quant_smtcomp_intersection-example-simple.proof-node121611,UNSAT,0.00,0.01,4480,0
quant_smtcomp_intersection-example-simple.proof-node121820,UNSAT,0.00,0.01,4512,0
quant_smtcomp_intersection-example-simple.proof-node121932,UNSAT,0.00,0.01,4736,0
quant_smtcomp_intersection-example-simple.proof-node122365,UNSAT,0.00,0.01,4480,0
quant_smtcomp_intersection-example-simple.proof-node122574,UNSAT,0.00,0.01,4528,0
quant_smtcomp_intersection-example-simple.proof-node122686,UNSAT,0.00,0.01,4752,0
quant_smtcomp_intersection-example-simple.proof-node122931,UNSAT,0.00,0.01,4720,0
quant_smtcomp_intersection-example-simple.proof-node123135,UNSAT,0.00,0.01,4720,0
quant_smtcomp_intersection-example-simple.proof-node123344,UNSAT,0.00,0.01,4752,0
quant_smtcomp_intersection-example-simple.proof-node123456,UNSAT,0.00,0.01,4752,0
quant_smtcomp_intersection-example-simple.proof-node12386,UNSAT,0.00,0.01,4928,0
quant_smtcomp_intersection-example-simple.proof-node123892,UNSAT,0.00,0.01,4752,0
quant_smtcomp_intersection-example-simple.proof-node124004,UNSAT,0.00,0.01,4736,0
quant_smtcomp_intersection-example-simple.proof-node124208,UNSAT,0.00,0.01,4512,0
quant_smtcomp_intersection-example-simple.proof-node124417,UNSAT,0.00,0.01,4528,0
quant_smtcomp_intersection-example-simple.proof-node124529,UNSAT,0.00,0.01,4512,0
quant_smtcomp_intersection-example-simple.proof-node124641,UNSAT,0.00,0.01,4720,0
quant_smtcomp_intersection-example-simple.proof-node124977,UNSAT,0.00,0.01,4736,0
quant_smtcomp_intersection-example-simple.proof-node12498,UNSAT,0.00,0.01,4944,0
quant_smtcomp_intersection-example-simple.proof-node125222,UNSAT,0.00,0.01,4496,0
quant_smtcomp_intersection-example-simple.proof-node125431,UNSAT,0.00,0.01,4512,0
quant_smtcomp_intersection-example-simple.proof-node125543,UNSAT,0.00,0.01,4528,0
quant_smtcomp_intersection-example-simple.proof-node125655,UNSAT,0.00,0.01,4736,0
quant_smtcomp_intersection-example-simple.proof-node125889,UNSAT,0.00,0.01,4752,0
quant_smtcomp_intersection-example-simple.proof-node126001,UNSAT,0.00,0.01,4752,0
quant_smtcomp_intersection-example-simple.proof-node126205,UNSAT,0.00,0.01,4784,0
quant_smtcomp_intersection-example-simple.proof-node126414,UNSAT,0.00,0.01,4736,0
quant_smtcomp_intersection-example-simple.proof-node126579,UNSAT,0.00,0.01,4720,0
quant_smtcomp_intersection-example-simple.proof-node127067,UNSAT,0.00,0.01,4736,0
quant_smtcomp_intersection-example-simple.proof-node127271,UNSAT,0.00,0.01,4768,0
quant_smtcomp_intersection-example-simple.proof-node127485,UNSAT,0.00,0.01,4736,0
quant_smtcomp_intersection-example-simple.proof-node127597,UNSAT,0.00,0.01,4736,0
quant_smtcomp_intersection-example-simple.proof-node128104,UNSAT,0.00,0.01,4736,0
quant_smtcomp_intersection-example-simple.proof-node128318,UNSAT,0.00,0.01,4736,0
quant_smtcomp_intersection-example-simple.proof-node128430,UNSAT,0.00,0.01,4736,0
quant_smtcomp_intersection-example-simple.proof-node128771,UNSAT,0.00,0.01,4768,0
quant_smtcomp_intersection-example-simple.proof-node128975,UNSAT,0.00,0.01,4736,0
quant_smtcomp_intersection-example-simple.proof-node129189,UNSAT,0.00,0.01,4752,0
quant_smtcomp_intersection-example-simple.proof-node129301,UNSAT,0.00,0.01,4704,0
quant_smtcomp_intersection-example-simple.proof-node129794,UNSAT,0.00,0.01,4912,0
quant_smtcomp_intersection-example-simple.proof-node129998,UNSAT,0.00,0.01,4928,0
quant_smtcomp_intersection-example-simple.proof-node130212,UNSAT,0.00,0.01,4960,0
quant_smtcomp_intersection-example-simple.proof-node130324,UNSAT,0.00,0.01,4896,0
quant_smtcomp_intersection-example-simple.proof-node130655,UNSAT,0.00,0.01,4912,0
quant_smtcomp_intersection-example-simple.proof-node130991,UNSAT,0.00,0.01,4896,0
quant_smtcomp_intersection-example-simple.proof-node131103,UNSAT,0.00,0.01,4896,0
quant_smtcomp_intersection-example-simple.proof-node13135,UNSAT,0.00,0.01,4880,0
quant_smtcomp_intersection-example-simple.proof-node131444,UNSAT,0.00,0.01,4912,0
quant_smtcomp_intersection-example-simple.proof-node131648,UNSAT,0.00,0.01,4912,0
quant_smtcomp_intersection-example-simple.proof-node131862,UNSAT,0.00,0.01,4864,0
quant_smtcomp_intersection-example-simple.proof-node131974,UNSAT,0.00,0.01,4944,0
quant_smtcomp_intersection-example-simple.proof-node132407,UNSAT,0.00,0.01,4928,0
quant_smtcomp_intersection-example-simple.proof-node132621,UNSAT,0.00,0.01,4928,0
quant_smtcomp_intersection-example-simple.proof-node132733,UNSAT,0.00,0.01,4912,0
quant_smtcomp_intersection-example-simple.proof-node133099,UNSAT,0.00,0.01,4912,0
quant_smtcomp_intersection-example-simple.proof-node133303,UNSAT,0.00,0.01,4928,0
quant_smtcomp_intersection-example-simple.proof-node133517,UNSAT,0.00,0.01,4960,0
quant_smtcomp_intersection-example-simple.proof-node133629,UNSAT,0.00,0.01,4912,0
quant_smtcomp_intersection-example-simple.proof-node13381,UNSAT,0.00,0.01,4912,0
quant_smtcomp_intersection-example-simple.proof-node134070,UNSAT,0.00,0.01,4768,0
quant_smtcomp_intersection-example-simple.proof-node134274,UNSAT,0.00,0.01,4736,0
quant_smtcomp_intersection-example-simple.proof-node134483,UNSAT,0.00,0.01,4720,0
quant_smtcomp_intersection-example-simple.proof-node134595,UNSAT,0.00,0.01,4752,0
quant_smtcomp_intersection-example-simple.proof-node1348,UNSAT,0.00,0.01,4896,0
quant_smtcomp_intersection-example-simple.proof-node134932,UNSAT,0.00,0.01,4752,0
quant_smtcomp_intersection-example-simple.proof-node135245,UNSAT,0.00,0.01,4704,0
quant_smtcomp_intersection-example-simple.proof-node135357,UNSAT,0.00,0.01,4720,0
quant_smtcomp_intersection-example-simple.proof-node135704,UNSAT,0.00,0.01,4736,0
quant_smtcomp_intersection-example-simple.proof-node13585,UNSAT,0.00,0.01,4896,0
quant_smtcomp_intersection-example-simple.proof-node135908,UNSAT,0.00,0.01,4736,0
quant_smtcomp_intersection-example-simple.proof-node136117,UNSAT,0.00,0.01,4736,0
quant_smtcomp_intersection-example-simple.proof-node136229,UNSAT,0.00,0.01,4736,0
quant_smtcomp_intersection-example-simple.proof-node136638,UNSAT,0.00,0.01,4752,0
quant_smtcomp_intersection-example-simple.proof-node136847,UNSAT,0.00,0.01,4752,0
quant_smtcomp_intersection-example-simple.proof-node136959,UNSAT,0.00,0.01,4768,0
quant_smtcomp_intersection-example-simple.proof-node137314,UNSAT,0.00,0.01,4768,0
quant_smtcomp_intersection-example-simple.proof-node137426,UNSAT,0.00,0.01,4736,0
quant_smtcomp_intersection-example-simple.proof-node137630,UNSAT,0.00,0.01,4736,0
quant_smtcomp_intersection-example-simple.proof-node137839,UNSAT,0.00,0.01,4768,0
quant_smtcomp_intersection-example-simple.proof-node13794,UNSAT,0.00,0.01,4880,0
quant_smtcomp_intersection-example-simple.proof-node137981,UNSAT,0.00,0.01,4736,0
quant_smtcomp_intersection-example-simple.proof-node138307,UNSAT,0.00,0.01,4736,0
quant_smtcomp_intersection-example-simple.proof-node138419,UNSAT,0.00,0.01,4768,0
quant_smtcomp_intersection-example-simple.proof-node138623,UNSAT,0.00,0.01,4720,0
quant_smtcomp_intersection-example-simple.proof-node138832,UNSAT,0.00,0.01,4752,0
quant_smtcomp_intersection-example-simple.proof-node138944,UNSAT,0.00,0.01,4720,0
quant_smtcomp_intersection-example-simple.proof-node139056,UNSAT,0.00,0.01,4768,0
quant_smtcomp_intersection-example-simple.proof-node13906,UNSAT,0.00,0.01,4912,0
quant_smtcomp_intersection-example-simple.proof-node139433,UNSAT,0.00,0.01,4752,0
quant_smtcomp_intersection-example-simple.proof-node139637,UNSAT,0.00,0.01,4752,0
quant_smtcomp_intersection-example-simple.proof-node139846,UNSAT,0.00,0.01,4736,0
quant_smtcomp_intersection-example-simple.proof-node139958,UNSAT,0.00,0.01,4720,0
quant_smtcomp_intersection-example-simple.proof-node140070,UNSAT,0.00,0.01,4736,0
quant_smtcomp_intersection-example-simple.proof-node14018,UNSAT,0.00,0.01,4960,0
quant_smtcomp_intersection-example-simple.proof-node140304,UNSAT,0.00,0.01,4752,0
quant_smtcomp_intersection-example-simple.proof-node140416,UNSAT,0.00,0.01,4752,0
quant_smtcomp_intersection-example-simple.proof-node140620,UNSAT,0.00,0.01,4736,0
quant_smtcomp_intersection-example-simple.proof-node140882,UNSAT,0.00,0.01,4736,0
quant_smtcomp_intersection-example-simple.proof-node140994,UNSAT,0.00,0.01,4736,0
quant_smtcomp_intersection-example-simple.proof-node141546,UNSAT,0.00,0.01,4864,0
quant_smtcomp_intersection-example-simple.proof-node141750,UNSAT,0.00,0.01,4880,0
quant_smtcomp_intersection-example-simple.proof-node141964,UNSAT,0.00,0.01,4880,0
quant_smtcomp_intersection-example-simple.proof-node142076,UNSAT,0.00,0.01,4864,0
quant_smtcomp_intersection-example-simple.proof-node142534,UNSAT,0.00,0.01,4880,0
quant_smtcomp_intersection-example-simple.proof-node142738,UNSAT,0.00,0.01,4912,0
quant_smtcomp_intersection-example-simple.proof-node142952,UNSAT,0.00,0.01,4848,0
quant_smtcomp_intersection-example-simple.proof-node143064,UNSAT,0.00,0.01,4864,0
quant_smtcomp_intersection-example-simple.proof-node143303,UNSAT,0.00,0.01,4880,0
quant_smtcomp_intersection-example-simple.proof-node143507,UNSAT,0.00,0.01,4912,0
quant_smtcomp_intersection-example-simple.proof-node143733,UNSAT,0.00,0.01,4880,0
quant_smtcomp_intersection-example-simple.proof-node144202,UNSAT,0.00,0.01,4800,0
quant_smtcomp_intersection-example-simple.proof-node144406,UNSAT,0.00,0.01,4736,0
quant_smtcomp_intersection-example-simple.proof-node144620,UNSAT,0.00,0.01,4720,0
quant_smtcomp_intersection-example-simple.proof-node144732,UNSAT,0.00,0.01,4720,0
quant_smtcomp_intersection-example-simple.proof-node145257,UNSAT,0.00,0.01,4512,0
quant_smtcomp_intersection-example-simple.proof-node145471,UNSAT,0.00,0.01,4512,0
quant_smtcomp_intersection-example-simple.proof-node145583,UNSAT,0.00,0.01,4736,0
quant_smtcomp_intersection-example-simple.proof-node145919,UNSAT,0.00,0.01,4752,0
quant_smtcomp_intersection-example-simple.proof-node14603,UNSAT,0.00,0.01,4768,0
quant_smtcomp_intersection-example-simple.proof-node146123,UNSAT,0.00,0.01,4512,0
quant_smtcomp_intersection-example-simple.proof-node146337,UNSAT,0.00,0.01,4496,0
quant_smtcomp_intersection-example-simple.proof-node146449,UNSAT,0.00,0.01,4752,0
quant_smtcomp_intersection-example-simple.proof-node146851,UNSAT,0.00,0.01,4768,0
quant_smtcomp_intersection-example-simple.proof-node147055,UNSAT,0.00,0.01,4752,0
quant_smtcomp_intersection-example-simple.proof-node147269,UNSAT,0.00,0.01,4736,0
quant_smtcomp_intersection-example-simple.proof-node147381,UNSAT,0.00,0.01,4752,0
quant_smtcomp_intersection-example-simple.proof-node147712,UNSAT,0.00,0.01,4736,0
quant_smtcomp_intersection-example-simple.proof-node148120,UNSAT,0.00,0.01,4736,0
quant_smtcomp_intersection-example-simple.proof-node148232,UNSAT,0.00,0.01,4736,0
quant_smtcomp_intersection-example-simple.proof-node148568,UNSAT,0.00,0.01,4752,0
quant_smtcomp_intersection-example-simple.proof-node148772,UNSAT,0.00,0.01,4800,0
quant_smtcomp_intersection-example-simple.proof-node148986,UNSAT,0.00,0.01,4736,0
quant_smtcomp_intersection-example-simple.proof-node149098,UNSAT,0.00,0.01,4784,0
quant_smtcomp_intersection-example-simple.proof-node14939,UNSAT,0.00,0.01,4768,0
quant_smtcomp_intersection-example-simple.proof-node149531,UNSAT,0.00,0.01,4736,0
quant_smtcomp_intersection-example-simple.proof-node149745,UNSAT,0.00,0.01,4736,0
quant_smtcomp_intersection-example-simple.proof-node149857,UNSAT,0.00,0.01,4736,0
quant_smtcomp_intersection-example-simple.proof-node150292,UNSAT,0.00,0.01,4848,0
quant_smtcomp_intersection-example-simple.proof-node150404,UNSAT,0.00,0.01,4864,0
quant_smtcomp_intersection-example-simple.proof-node15051,UNSAT,0.00,0.01,4736,0
quant_smtcomp_intersection-example-simple.proof-node150608,UNSAT,0.00,0.01,4880,0
quant_smtcomp_intersection-example-simple.proof-node150858,UNSAT,0.00,0.01,4928,0
quant_smtcomp_intersection-example-simple.proof-node150970,UNSAT,0.00,0.01,4896,0
quant_smtcomp_intersection-example-simple.proof-node151296,UNSAT,0.00,0.01,4896,0
quant_smtcomp_intersection-example-simple.proof-node151408,UNSAT,0.00,0.01,4880,0
quant_smtcomp_intersection-example-simple.proof-node151612,UNSAT,0.00,0.01,4848,0
quant_smtcomp_intersection-example-simple.proof-node151821,UNSAT,0.00,0.01,4896,0
quant_smtcomp_intersection-example-simple.proof-node151933,UNSAT,0.00,0.01,4880,0
quant_smtcomp_intersection-example-simple.proof-node152045,UNSAT,0.00,0.01,4880,0
quant_smtcomp_intersection-example-simple.proof-node152417,UNSAT,0.00,0.01,4896,0
quant_smtcomp_intersection-example-simple.proof-node152529,UNSAT,0.00,0.01,4912,0
quant_smtcomp_intersection-example-simple.proof-node152733,UNSAT,0.00,0.01,4880,0
quant_smtcomp_intersection-example-simple.proof-node152942,UNSAT,0.00,0.01,4864,0
quant_smtcomp_intersection-example-simple.proof-node153054,UNSAT,0.00,0.01,4880,0
quant_smtcomp_intersection-example-simple.proof-node153166,UNSAT,0.00,0.01,4896,0
quant_smtcomp_intersection-example-simple.proof-node15382,UNSAT,0.00,0.01,4768,0
quant_smtcomp_intersection-example-simple.proof-node153837,UNSAT,0.00,0.01,4864,0
quant_smtcomp_intersection-example-simple.proof-node154051,UNSAT,0.00,0.01,4880,0
quant_smtcomp_intersection-example-simple.proof-node154163,UNSAT,0.00,0.01,4944,0
quant_smtcomp_intersection-example-simple.proof-node154402,UNSAT,0.00,0.01,4928,0
quant_smtcomp_intersection-example-simple.proof-node154606,UNSAT,0.00,0.01,4864,0
quant_smtcomp_intersection-example-simple.proof-node154820,UNSAT,0.00,0.01,4896,0
quant_smtcomp_intersection-example-simple.proof-node154932,UNSAT,0.00,0.01,4880,0
quant_smtcomp_intersection-example-simple.proof-node1552,UNSAT,0.00,0.01,4928,0
quant_smtcomp_intersection-example-simple.proof-node155401,UNSAT,0.00,0.01,4896,0
quant_smtcomp_intersection-example-simple.proof-node155605,UNSAT,0.00,0.01,4848,0
quant_smtcomp_intersection-example-simple.proof-node155819,UNSAT,0.00,0.01,4896,0
quant_smtcomp_intersection-example-simple.proof-node155931,UNSAT,0.00,0.01,4896,0
quant_smtcomp_intersection-example-simple.proof-node156170,UNSAT,0.00,0.01,4832,0
quant_smtcomp_intersection-example-simple.proof-node156374,UNSAT,0.00,0.01,4880,0
quant_smtcomp_intersection-example-simple.proof-node156618,UNSAT,0.00,0.01,4896,0
quant_smtcomp_intersection-example-simple.proof-node156857,UNSAT,0.00,0.01,4912,0
quant_smtcomp_intersection-example-simple.proof-node157061,UNSAT,0.00,0.01,4848,0
quant_smtcomp_intersection-example-simple.proof-node157275,UNSAT,0.00,0.01,4880,0
quant_smtcomp_intersection-example-simple.proof-node157387,UNSAT,0.00,0.01,4880,0
quant_smtcomp_intersection-example-simple.proof-node157845,UNSAT,0.00,0.01,4784,0
quant_smtcomp_intersection-example-simple.proof-node158163,UNSAT,0.00,0.01,4752,0
quant_smtcomp_intersection-example-simple.proof-node158275,UNSAT,0.00,0.01,4768,0
quant_smtcomp_intersection-example-simple.proof-node158514,UNSAT,0.00,0.01,4816,0
quant_smtcomp_intersection-example-simple.proof-node158718,UNSAT,0.00,0.01,4816,0
quant_smtcomp_intersection-example-simple.proof-node158932,UNSAT,0.00,0.01,4816,0
quant_smtcomp_intersection-example-simple.proof-node159044,UNSAT,0.00,0.01,4800,0
quant_smtcomp_intersection-example-simple.proof-node15912,UNSAT,0.00,0.01,4752,0
quant_smtcomp_intersection-example-simple.proof-node159375,UNSAT,0.00,0.01,4768,0
quant_smtcomp_intersection-example-simple.proof-node159711,UNSAT,0.00,0.01,4768,0
quant_smtcomp_intersection-example-simple.proof-node159915,UNSAT,0.00,0.01,4768,0
quant_smtcomp_intersection-example-simple.proof-node160129,UNSAT,0.00,0.01,4768,0
quant_smtcomp_intersection-example-simple.proof-node160241,UNSAT,0.00,0.01,4752,0
quant_smtcomp_intersection-example-simple.proof-node160480,UNSAT,0.00,0.01,4800,0
quant_smtcomp_intersection-example-simple.proof-node160684,UNSAT,0.00,0.01,4752,0
quant_smtcomp_intersection-example-simple.proof-node160928,UNSAT,0.00,0.01,4752,0
quant_smtcomp_intersection-example-simple.proof-node161167,UNSAT,0.00,0.01,4768,0
quant_smtcomp_intersection-example-simple.proof-node161371,UNSAT,0.00,0.01,4800,0
quant_smtcomp_intersection-example-simple.proof-node161585,UNSAT,0.00,0.01,4816,0
quant_smtcomp_intersection-example-simple.proof-node161697,UNSAT,0.00,0.01,4816,0
quant_smtcomp_intersection-example-simple.proof-node162058,UNSAT,0.00,0.01,4832,0
quant_smtcomp_intersection-example-simple.proof-node162466,UNSAT,0.00,0.01,4784,0
quant_smtcomp_intersection-example-simple.proof-node162578,UNSAT,0.00,0.01,4784,0
quant_smtcomp_intersection-example-simple.proof-node162817,UNSAT,0.00,0.01,4784,0
quant_smtcomp_intersection-example-simple.proof-node163021,UNSAT,0.00,0.01,4768,0
quant_smtcomp_intersection-example-simple.proof-node163235,UNSAT,0.00,0.01,4784,0
quant_smtcomp_intersection-example-simple.proof-node163347,UNSAT,0.00,0.01,4816,0
quant_smtcomp_intersection-example-simple.proof-node163678,UNSAT,0.00,0.01,4768,0
quant_smtcomp_intersection-example-simple.proof-node164014,UNSAT,0.00,0.01,4800,0
quant_smtcomp_intersection-example-simple.proof-node164218,UNSAT,0.00,0.01,4768,0
quant_smtcomp_intersection-example-simple.proof-node164432,UNSAT,0.00,0.01,4800,0
quant_smtcomp_intersection-example-simple.proof-node164544,UNSAT,0.00,0.01,4784,0
quant_smtcomp_intersection-example-simple.proof-node164783,UNSAT,0.00,0.01,4800,0
quant_smtcomp_intersection-example-simple.proof-node164987,UNSAT,0.00,0.01,4816,0
quant_smtcomp_intersection-example-simple.proof-node165231,UNSAT,0.00,0.01,4816,0
quant_smtcomp_intersection-example-simple.proof-node165470,UNSAT,0.00,0.01,4848,0
quant_smtcomp_intersection-example-simple.proof-node165674,UNSAT,0.00,0.01,4784,0
quant_smtcomp_intersection-example-simple.proof-node165888,UNSAT,0.00,0.01,4768,0
quant_smtcomp_intersection-example-simple.proof-node166000,UNSAT,0.00,0.01,4784,0
quant_smtcomp_intersection-example-simple.proof-node166425,UNSAT,0.00,0.01,4880,0
quant_smtcomp_intersection-example-simple.proof-node166756,UNSAT,0.00,0.01,4896,0
quant_smtcomp_intersection-example-simple.proof-node16683,UNSAT,0.00,0.01,4736,0
quant_smtcomp_intersection-example-simple.proof-node166868,UNSAT,0.00,0.01,4864,0
quant_smtcomp_intersection-example-simple.proof-node167113,UNSAT,0.00,0.01,4880,0
quant_smtcomp_intersection-example-simple.proof-node167317,UNSAT,0.00,0.01,4880,0
quant_smtcomp_intersection-example-simple.proof-node167526,UNSAT,0.00,0.01,4880,0
quant_smtcomp_intersection-example-simple.proof-node167638,UNSAT,0.00,0.01,4848,0
quant_smtcomp_intersection-example-simple.proof-node168151,UNSAT,0.00,0.01,4832,0
quant_smtcomp_intersection-example-simple.proof-node168360,UNSAT,0.00,0.01,4848,0
quant_smtcomp_intersection-example-simple.proof-node168472,UNSAT,0.00,0.01,4880,0
quant_smtcomp_intersection-example-simple.proof-node168814,UNSAT,0.00,0.01,4864,0
quant_smtcomp_intersection-example-simple.proof-node169018,UNSAT,0.00,0.01,4880,0
quant_smtcomp_intersection-example-simple.proof-node16922,UNSAT,0.00,0.01,4752,0
quant_smtcomp_intersection-example-simple.proof-node169227,UNSAT,0.00,0.01,4848,0
quant_smtcomp_intersection-example-simple.proof-node169339,UNSAT,0.00,0.01,4896,0
quant_smtcomp_intersection-example-simple.proof-node169614,UNSAT,0.00,0.01,4896,0
quant_smtcomp_intersection-example-simple.proof-node169818,UNSAT,0.00,0.01,4896,0
quant_smtcomp_intersection-example-simple.proof-node170027,UNSAT,0.00,0.01,4864,0
quant_smtcomp_intersection-example-simple.proof-node170139,UNSAT,0.00,0.01,4864,0
quant_smtcomp_intersection-example-simple.proof-node170489,UNSAT,0.00,0.01,4848,0
quant_smtcomp_intersection-example-simple.proof-node170601,UNSAT,0.00,0.01,4896,0
quant_smtcomp_intersection-example-simple.proof-node171004,UNSAT,0.00,0.01,4896,0
quant_smtcomp_intersection-example-simple.proof-node171116,UNSAT,0.00,0.01,4848,0
quant_smtcomp_intersection-example-simple.proof-node171228,UNSAT,0.00,0.01,4880,0
quant_smtcomp_intersection-example-simple.proof-node17126,UNSAT,0.00,0.01,4752,0
quant_smtcomp_intersection-example-simple.proof-node171462,UNSAT,0.00,0.01,4896,0
quant_smtcomp_intersection-example-simple.proof-node171574,UNSAT,0.00,0.01,4880,0
quant_smtcomp_intersection-example-simple.proof-node171778,UNSAT,0.00,0.01,4864,0
quant_smtcomp_intersection-example-simple.proof-node171987,UNSAT,0.00,0.01,4880,0
quant_smtcomp_intersection-example-simple.proof-node172099,UNSAT,0.00,0.01,4864,0
quant_smtcomp_intersection-example-simple.proof-node172211,UNSAT,0.00,0.01,4880,0
quant_smtcomp_intersection-example-simple.proof-node172570,UNSAT,0.00,0.01,4912,0
quant_smtcomp_intersection-example-simple.proof-node172682,UNSAT,0.00,0.01,4880,0
quant_smtcomp_intersection-example-simple.proof-node172886,UNSAT,0.00,0.01,4816,0
quant_smtcomp_intersection-example-simple.proof-node173095,UNSAT,0.00,0.01,4880,0
quant_smtcomp_intersection-example-simple.proof-node173207,UNSAT,0.00,0.01,4848,0
quant_smtcomp_intersection-example-simple.proof-node173319,UNSAT,0.00,0.01,4864,0
quant_smtcomp_intersection-example-simple.proof-node17340,UNSAT,0.00,0.01,4736,0
quant_smtcomp_intersection-example-simple.proof-node173553,UNSAT,0.00,0.01,4848,0
quant_smtcomp_intersection-example-simple.proof-node173665,UNSAT,0.00,0.01,4864,0
quant_smtcomp_intersection-example-simple.proof-node173902,UNSAT,0.00,0.01,4880,0
quant_smtcomp_intersection-example-simple.proof-node174014,UNSAT,0.00,0.01,4880,0
quant_smtcomp_intersection-example-simple.proof-node174126,UNSAT,0.00,0.01,4880,0
quant_smtcomp_intersection-example-simple.proof-node174360,UNSAT,0.00,0.01,4864,0
quant_smtcomp_intersection-example-simple.proof-node174472,UNSAT,0.00,0.01,4896,0
quant_smtcomp_intersection-example-simple.proof-node17452,UNSAT,0.00,0.01,4736,0
quant_smtcomp_intersection-example-simple.proof-node174676,UNSAT,0.00,0.01,4832,0
quant_smtcomp_intersection-example-simple.proof-node174885,UNSAT,0.00,0.01,4880,0
quant_smtcomp_intersection-example-simple.proof-node174997,UNSAT,0.00,0.01,4880,0
quant_smtcomp_intersection-example-simple.proof-node175109,UNSAT,0.00,0.01,4864,0
quant_smtcomp_intersection-example-simple.proof-node175614,UNSAT,0.00,0.01,4944,0
quant_smtcomp_intersection-example-simple.proof-node175818,UNSAT,0.00,0.01,4928,0
quant_smtcomp_intersection-example-simple.proof-node176032,UNSAT,0.00,0.01,4944,0
quant_smtcomp_intersection-example-simple.proof-node176144,UNSAT,0.00,0.01,4896,0
quant_smtcomp_intersection-example-simple.proof-node176383,UNSAT,0.00,0.01,4928,0
quant_smtcomp_intersection-example-simple.proof-node1766,UNSAT,0.00,0.01,4880,0
quant_smtcomp_intersection-example-simple.proof-node176791,UNSAT,0.00,0.01,4944,0
quant_smtcomp_intersection-example-simple.proof-node176903,UNSAT,0.00,0.01,4880,0
quant_smtcomp_intersection-example-simple.proof-node177234,UNSAT,0.00,0.01,4928,0
quant_smtcomp_intersection-example-simple.proof-node177438,UNSAT,0.00,0.01,4928,0
quant_smtcomp_intersection-example-simple.proof-node177652,UNSAT,0.00,0.01,4960,0
quant_smtcomp_intersection-example-simple.proof-node177764,UNSAT,0.00,0.01,4896,0
quant_smtcomp_intersection-example-simple.proof-node178222,UNSAT,0.00,0.01,4896,0
quant_smtcomp_intersection-example-simple.proof-node178436,UNSAT,0.00,0.01,4960,0
quant_smtcomp_intersection-example-simple.proof-node178548,UNSAT,0.00,0.01,4912,0
quant_smtcomp_intersection-example-simple.proof-node178787,UNSAT,0.00,0.01,4944,0
quant_smtcomp_intersection-example-simple.proof-node178991,UNSAT,0.00,0.01,4992,0
quant_smtcomp_intersection-example-simple.proof-node179205,UNSAT,0.00,0.01,4944,0
quant_smtcomp_intersection-example-simple.proof-node179317,UNSAT,0.00,0.01,4864,0
quant_smtcomp_intersection-example-simple.proof-node17956,UNSAT,0.00,0.01,4944,0
quant_smtcomp_intersection-example-simple.proof-node179648,UNSAT,0.00,0.01,4896,0
quant_smtcomp_intersection-example-simple.proof-node179862,UNSAT,0.00,0.01,4912,0
quant_smtcomp_intersection-example-simple.proof-node179974,UNSAT,0.00,0.01,4928,0
quant_smtcomp_intersection-example-simple.proof-node180432,UNSAT,0.00,0.01,4736,0
quant_smtcomp_intersection-example-simple.proof-node180636,UNSAT,0.00,0.01,4720,0
quant_smtcomp_intersection-example-simple.proof-node180850,UNSAT,0.00,0.01,4736,0
quant_smtcomp_intersection-example-simple.proof-node181130,UNSAT,0.00,0.01,4736,0
quant_smtcomp_intersection-example-simple.proof-node181334,UNSAT,0.00,0.01,4736,0
quant_smtcomp_intersection-example-simple.proof-node181548,UNSAT,0.00,0.01,4736,0
quant_smtcomp_intersection-example-simple.proof-node18160,UNSAT,0.00,0.01,4896,0
quant_smtcomp_intersection-example-simple.proof-node181660,UNSAT,0.00,0.01,4720,0
quant_smtcomp_intersection-example-simple.proof-node181991,UNSAT,0.00,0.01,4736,0
quant_smtcomp_intersection-example-simple.proof-node182195,UNSAT,0.00,0.01,4480,0
quant_smtcomp_intersection-example-simple.proof-node182439,UNSAT,0.00,0.01,4720,0
quant_smtcomp_intersection-example-simple.proof-node182775,UNSAT,0.00,0.01,4768,0
quant_smtcomp_intersection-example-simple.proof-node182979,UNSAT,0.00,0.01,4496,0
quant_smtcomp_intersection-example-simple.proof-node183193,UNSAT,0.00,0.01,4496,0
quant_smtcomp_intersection-example-simple.proof-node183305,UNSAT,0.00,0.01,4752,0
quant_smtcomp_intersection-example-simple.proof-node183544,UNSAT,0.00,0.01,4736,0
quant_smtcomp_intersection-example-simple.proof-node18374,UNSAT,0.00,0.01,4880,0
quant_smtcomp_intersection-example-simple.proof-node183748,UNSAT,0.00,0.01,4496,0
quant_smtcomp_intersection-example-simple.proof-node183877,UNSAT,0.00,0.01,4720,0
quant_smtcomp_intersection-example-simple.proof-node184116,UNSAT,0.00,0.01,4752,0
quant_smtcomp_intersection-example-simple.proof-node184320,UNSAT,0.00,0.01,4752,0
quant_smtcomp_intersection-example-simple.proof-node184534,UNSAT,0.00,0.01,4736,0
quant_smtcomp_intersection-example-simple.proof-node184646,UNSAT,0.00,0.01,4736,0
quant_smtcomp_intersection-example-simple.proof-node18486,UNSAT,0.00,0.01,4864,0
quant_smtcomp_intersection-example-simple.proof-node185007,UNSAT,0.00,0.01,4736,0
quant_smtcomp_intersection-example-simple.proof-node185415,UNSAT,0.00,0.01,4752,0
quant_smtcomp_intersection-example-simple.proof-node185527,UNSAT,0.00,0.01,4720,0
quant_smtcomp_intersection-example-simple.proof-node185766,UNSAT,0.00,0.01,4752,0
quant_smtcomp_intersection-example-simple.proof-node185970,UNSAT,0.00,0.01,4720,0
quant_smtcomp_intersection-example-simple.proof-node186184,UNSAT,0.00,0.01,4736,0
quant_smtcomp_intersection-example-simple.proof-node186296,UNSAT,0.00,0.01,4736,0
quant_smtcomp_intersection-example-simple.proof-node186627,UNSAT,0.00,0.01,4752,0
quant_smtcomp_intersection-example-simple.proof-node186963,UNSAT,0.00,0.01,4768,0
quant_smtcomp_intersection-example-simple.proof-node187167,UNSAT,0.00,0.01,4736,0
quant_smtcomp_intersection-example-simple.proof-node187381,UNSAT,0.00,0.01,4736,0
quant_smtcomp_intersection-example-simple.proof-node187493,UNSAT,0.00,0.01,4720,0
quant_smtcomp_intersection-example-simple.proof-node187732,UNSAT,0.00,0.01,4752,0
quant_smtcomp_intersection-example-simple.proof-node187936,UNSAT,0.00,0.01,4752,0
quant_smtcomp_intersection-example-simple.proof-node18817,UNSAT,0.00,0.01,4912,0
quant_smtcomp_intersection-example-simple.proof-node188180,UNSAT,0.00,0.01,4800,0
quant_smtcomp_intersection-example-simple.proof-node188419,UNSAT,0.00,0.01,4736,0
quant_smtcomp_intersection-example-simple.proof-node188623,UNSAT,0.00,0.01,4736,0
quant_smtcomp_intersection-example-simple.proof-node188837,UNSAT,0.00,0.01,4736,0
quant_smtcomp_intersection-example-simple.proof-node188949,UNSAT,0.00,0.01,4768,0
quant_smtcomp_intersection-example-simple.proof-node189374,UNSAT,0.00,0.01,4928,0
quant_smtcomp_intersection-example-simple.proof-node189705,UNSAT,0.00,0.01,4864,0
quant_smtcomp_intersection-example-simple.proof-node189817,UNSAT,0.00,0.01,4880,0
quant_smtcomp_intersection-example-simple.proof-node190062,UNSAT,0.00,0.01,4896,0
quant_smtcomp_intersection-example-simple.proof-node19021,UNSAT,0.00,0.01,4928,0
quant_smtcomp_intersection-example-simple.proof-node190266,UNSAT,0.00,0.01,4896,0
quant_smtcomp_intersection-example-simple.proof-node190475,UNSAT,0.00,0.01,4832,0
quant_smtcomp_intersection-example-simple.proof-node190587,UNSAT,0.00,0.01,4848,0
quant_smtcomp_intersection-example-simple.proof-node191100,UNSAT,0.00,0.01,4848,0
quant_smtcomp_intersection-example-simple.proof-node191309,UNSAT,0.00,0.01,4880,0
quant_smtcomp_intersection-example-simple.proof-node191421,UNSAT,0.00,0.01,4880,0
quant_smtcomp_intersection-example-simple.proof-node191763,UNSAT,0.00,0.01,4848,0
quant_smtcomp_intersection-example-simple.proof-node191967,UNSAT,0.00,0.01,4864,0
quant_smtcomp_intersection-example-simple.proof-node192176,UNSAT,0.00,0.01,4864,0
quant_smtcomp_intersection-example-simple.proof-node192288,UNSAT,0.00,0.01,4880,0
quant_smtcomp_intersection-example-simple.proof-node192563,UNSAT,0.00,0.01,4864,0
quant_smtcomp_intersection-example-simple.proof-node192767,UNSAT,0.00,0.01,4880,0
quant_smtcomp_intersection-example-simple.proof-node192976,UNSAT,0.00,0.01,4816,0
quant_smtcomp_intersection-example-simple.proof-node193088,UNSAT,0.00,0.01,4880,0
quant_smtcomp_intersection-example-simple.proof-node193438,UNSAT,0.00,0.01,4880,0
quant_smtcomp_intersection-example-simple.proof-node193550,UNSAT,0.00,0.01,4880,0
quant_smtcomp_intersection-example-simple.proof-node19362,UNSAT,0.00,0.01,4880,0
quant_smtcomp_intersection-example-simple.proof-node193953,UNSAT,0.00,0.01,4880,0
quant_smtcomp_intersection-example-simple.proof-node194065,UNSAT,0.00,0.01,4848,0
quant_smtcomp_intersection-example-simple.proof-node194177,UNSAT,0.00,0.01,4896,0
quant_smtcomp_intersection-example-simple.proof-node194411,UNSAT,0.00,0.01,4864,0
quant_smtcomp_intersection-example-simple.proof-node194523,UNSAT,0.00,0.01,4880,0
quant_smtcomp_intersection-example-simple.proof-node194727,UNSAT,0.00,0.01,4880,0
quant_smtcomp_intersection-example-simple.proof-node194936,UNSAT,0.00,0.01,4864,0
quant_smtcomp_intersection-example-simple.proof-node195048,UNSAT,0.00,0.01,4848,0
quant_smtcomp_intersection-example-simple.proof-node195160,UNSAT,0.00,0.01,4912,0
quant_smtcomp_intersection-example-simple.proof-node195519,UNSAT,0.00,0.01,4880,0
quant_smtcomp_intersection-example-simple.proof-node195631,UNSAT,0.00,0.01,4880,0
quant_smtcomp_intersection-example-simple.proof-node19566,UNSAT,0.00,0.01,4848,0
quant_smtcomp_intersection-example-simple.proof-node195835,UNSAT,0.00,0.01,4880,0
quant_smtcomp_intersection-example-simple.proof-node196044,UNSAT,0.00,0.01,4864,0
quant_smtcomp_intersection-example-simple.proof-node196156,UNSAT,0.00,0.01,4848,0
quant_smtcomp_intersection-example-simple.proof-node196268,UNSAT,0.00,0.01,4880,0
quant_smtcomp_intersection-example-simple.proof-node196502,UNSAT,0.00,0.01,4912,0
quant_smtcomp_intersection-example-simple.proof-node196614,UNSAT,0.00,0.01,4896,0
quant_smtcomp_intersection-example-simple.proof-node196851,UNSAT,0.00,0.01,4864,0
quant_smtcomp_intersection-example-simple.proof-node196963,UNSAT,0.00,0.01,4864,0
quant_smtcomp_intersection-example-simple.proof-node197075,UNSAT,0.00,0.01,4864,0
quant_smtcomp_intersection-example-simple.proof-node197309,UNSAT,0.00,0.01,4880,0
quant_smtcomp_intersection-example-simple.proof-node197421,UNSAT,0.00,0.01,4864,0
quant_smtcomp_intersection-example-simple.proof-node197625,UNSAT,0.00,0.01,4880,0
quant_smtcomp_intersection-example-simple.proof-node19780,UNSAT,0.00,0.01,4880,0
quant_smtcomp_intersection-example-simple.proof-node197834,UNSAT,0.00,0.01,4912,0
quant_smtcomp_intersection-example-simple.proof-node197946,UNSAT,0.00,0.01,4896,0
quant_smtcomp_intersection-example-simple.proof-node198058,UNSAT,0.00,0.01,4896,0
quant_smtcomp_intersection-example-simple.proof-node198845,UNSAT,0.00,0.01,4928,0
quant_smtcomp_intersection-example-simple.proof-node19892,UNSAT,0.00,0.01,4864,0
quant_smtcomp_intersection-example-simple.proof-node199049,UNSAT,0.00,0.01,4928,0
quant_smtcomp_intersection-example-simple.proof-node199263,UNSAT,0.00,0.01,4912,0
quant_smtcomp_intersection-example-simple.proof-node199375,UNSAT,0.00,0.01,4880,0
quant_smtcomp_intersection-example-simple.proof-node199758,UNSAT,0.00,0.01,4944,0
quant_smtcomp_intersection-example-simple.proof-node199972,UNSAT,0.00,0.01,4944,0
quant_smtcomp_intersection-example-simple.proof-node200084,UNSAT,0.00,0.01,4928,0
quant_smtcomp_intersection-example-simple.proof-node200425,UNSAT,0.00,0.01,4896,0
quant_smtcomp_intersection-example-simple.proof-node200629,UNSAT,0.00,0.01,4944,0
quant_smtcomp_intersection-example-simple.proof-node200843,UNSAT,0.00,0.01,4928,0
quant_smtcomp_intersection-example-simple.proof-node200955,UNSAT,0.00,0.01,4880,0
quant_smtcomp_intersection-example-simple.proof-node20131,UNSAT,0.00,0.01,4896,0
quant_smtcomp_intersection-example-simple.proof-node201448,UNSAT,0.00,0.01,4736,0
quant_smtcomp_intersection-example-simple.proof-node201652,UNSAT,0.00,0.01,4800,0
quant_smtcomp_intersection-example-simple.proof-node201866,UNSAT,0.00,0.01,4752,0
quant_smtcomp_intersection-example-simple.proof-node201978,UNSAT,0.00,0.01,4752,0
quant_smtcomp_intersection-example-simple.proof-node202309,UNSAT,0.00,0.01,4752,0
quant_smtcomp_intersection-example-simple.proof-node202645,UNSAT,0.00,0.01,4480,0
quant_smtcomp_intersection-example-simple.proof-node202757,UNSAT,0.00,0.01,4752,0
quant_smtcomp_intersection-example-simple.proof-node203098,UNSAT,0.00,0.01,4752,0
quant_smtcomp_intersection-example-simple.proof-node203302,UNSAT,0.00,0.01,4496,0
quant_smtcomp_intersection-example-simple.proof-node20335,UNSAT,0.00,0.01,4848,0
quant_smtcomp_intersection-example-simple.proof-node203516,UNSAT,0.00,0.01,4512,0
quant_smtcomp_intersection-example-simple.proof-node203628,UNSAT,0.00,0.01,4784,0
quant_smtcomp_intersection-example-simple.proof-node204061,UNSAT,0.00,0.01,4736,0
quant_smtcomp_intersection-example-simple.proof-node204275,UNSAT,0.00,0.01,4752,0
quant_smtcomp_intersection-example-simple.proof-node204387,UNSAT,0.00,0.01,4752,0
quant_smtcomp_intersection-example-simple.proof-node204753,UNSAT,0.00,0.01,4784,0
quant_smtcomp_intersection-example-simple.proof-node204957,UNSAT,0.00,0.01,4768,0
quant_smtcomp_intersection-example-simple.proof-node205171,UNSAT,0.00,0.01,4736,0
quant_smtcomp_intersection-example-simple.proof-node205283,UNSAT,0.00,0.01,4768,0
quant_smtcomp_intersection-example-simple.proof-node20561,UNSAT,0.00,0.01,4864,0
quant_smtcomp_intersection-example-simple.proof-node205712,UNSAT,0.00,0.01,4960,0
quant_smtcomp_intersection-example-simple.proof-node205824,UNSAT,0.00,0.01,4960,0
quant_smtcomp_intersection-example-simple.proof-node206028,UNSAT,0.00,0.01,4944,0
quant_smtcomp_intersection-example-simple.proof-node206237,UNSAT,0.00,0.01,4928,0
quant_smtcomp_intersection-example-simple.proof-node206349,UNSAT,0.00,0.01,4944,0
quant_smtcomp_intersection-example-simple.proof-node206461,UNSAT,0.00,0.01,4896,0
quant_smtcomp_intersection-example-simple.proof-node206828,UNSAT,0.00,0.01,4928,0
quant_smtcomp_intersection-example-simple.proof-node207032,UNSAT,0.00,0.01,4928,0
quant_smtcomp_intersection-example-simple.proof-node207241,UNSAT,0.00,0.01,4912,0
quant_smtcomp_intersection-example-simple.proof-node207353,UNSAT,0.00,0.01,4960,0
quant_smtcomp_intersection-example-simple.proof-node207465,UNSAT,0.00,0.01,4896,0
quant_smtcomp_intersection-example-simple.proof-node207801,UNSAT,0.00,0.01,4928,0
quant_smtcomp_intersection-example-simple.proof-node207913,UNSAT,0.00,0.01,4992,0
quant_smtcomp_intersection-example-simple.proof-node208117,UNSAT,0.00,0.01,4976,0
quant_smtcomp_intersection-example-simple.proof-node208275,UNSAT,0.00,0.01,4928,0
quant_smtcomp_intersection-example-simple.proof-node208509,UNSAT,0.00,0.01,4896,0
quant_smtcomp_intersection-example-simple.proof-node208621,UNSAT,0.00,0.01,4880,0
quant_smtcomp_intersection-example-simple.proof-node208825,UNSAT,0.00,0.01,4944,0
quant_smtcomp_intersection-example-simple.proof-node209034,UNSAT,0.00,0.01,4896,0
quant_smtcomp_intersection-example-simple.proof-node209146,UNSAT,0.00,0.01,4912,0
quant_smtcomp_intersection-example-simple.proof-node209258,UNSAT,0.00,0.01,4864,0
quant_smtcomp_intersection-example-simple.proof-node209947,UNSAT,0.00,0.01,4720,0
quant_smtcomp_intersection-example-simple.proof-node21002,UNSAT,0.00,0.01,4784,0
quant_smtcomp_intersection-example-simple.proof-node210151,UNSAT,0.00,0.01,4496,0
quant_smtcomp_intersection-example-simple.proof-node210365,UNSAT,0.00,0.01,4496,0
quant_smtcomp_intersection-example-simple.proof-node210477,UNSAT,0.00,0.01,4736,0
quant_smtcomp_intersection-example-simple.proof-node210818,UNSAT,0.00,0.01,4736,0
quant_smtcomp_intersection-example-simple.proof-node211022,UNSAT,0.00,0.01,4496,0
quant_smtcomp_intersection-example-simple.proof-node211162,UNSAT,0.00,0.01,4736,0
quant_smtcomp_intersection-example-simple.proof-node211401,UNSAT,0.00,0.01,4720,0
quant_smtcomp_intersection-example-simple.proof-node211605,UNSAT,0.00,0.01,4736,0
quant_smtcomp_intersection-example-simple.proof-node211819,UNSAT,0.00,0.01,4720,0
quant_smtcomp_intersection-example-simple.proof-node211931,UNSAT,0.00,0.01,4736,0
quant_smtcomp_intersection-example-simple.proof-node21206,UNSAT,0.00,0.01,4752,0
quant_smtcomp_intersection-example-simple.proof-node212394,UNSAT,0.00,0.01,4880,0
quant_smtcomp_intersection-example-simple.proof-node2127,UNSAT,0.00,0.01,4960,0
quant_smtcomp_intersection-example-simple.proof-node212700,UNSAT,0.00,0.01,4864,0
quant_smtcomp_intersection-example-simple.proof-node212812,UNSAT,0.00,0.01,4880,0
quant_smtcomp_intersection-example-simple.proof-node213143,UNSAT,0.00,0.01,4896,0
quant_smtcomp_intersection-example-simple.proof-node213347,UNSAT,0.00,0.01,4880,0
quant_smtcomp_intersection-example-simple.proof-node213561,UNSAT,0.00,0.01,4864,0
quant_smtcomp_intersection-example-simple.proof-node213673,UNSAT,0.00,0.01,4848,0
quant_smtcomp_intersection-example-simple.proof-node214118,UNSAT,0.00,0.01,4880,0
quant_smtcomp_intersection-example-simple.proof-node21415,UNSAT,0.00,0.01,4752,0
quant_smtcomp_intersection-example-simple.proof-node214332,UNSAT,0.00,0.01,4880,0
quant_smtcomp_intersection-example-simple.proof-node214444,UNSAT,0.00,0.01,4880,0
quant_smtcomp_intersection-example-simple.proof-node214683,UNSAT,0.00,0.01,4880,0
quant_smtcomp_intersection-example-simple.proof-node214887,UNSAT,0.00,0.01,4848,0
quant_smtcomp_intersection-example-simple.proof-node215101,UNSAT,0.00,0.01,4928,0
quant_smtcomp_intersection-example-simple.proof-node215213,UNSAT,0.00,0.01,4864,0
quant_smtcomp_intersection-example-simple.proof-node21527,UNSAT,0.00,0.01,4736,0
quant_smtcomp_intersection-example-simple.proof-node215671,UNSAT,0.00,0.01,4928,0
quant_smtcomp_intersection-example-simple.proof-node215875,UNSAT,0.00,0.01,4912,0
quant_smtcomp_intersection-example-simple.proof-node216089,UNSAT,0.00,0.01,4896,0
quant_smtcomp_intersection-example-simple.proof-node216201,UNSAT,0.00,0.01,4912,0
quant_smtcomp_intersection-example-simple.proof-node216542,UNSAT,0.00,0.01,4896,0
quant_smtcomp_intersection-example-simple.proof-node216746,UNSAT,0.00,0.01,4864,0
quant_smtcomp_intersection-example-simple.proof-node216886,UNSAT,0.00,0.01,4896,0
quant_smtcomp_intersection-example-simple.proof-node217125,UNSAT,0.00,0.01,4912,0
quant_smtcomp_intersection-example-simple.proof-node217329,UNSAT,0.00,0.01,4912,0
quant_smtcomp_intersection-example-simple.proof-node217543,UNSAT,0.00,0.01,4848,0
quant_smtcomp_intersection-example-simple.proof-node217655,UNSAT,0.00,0.01,4896,0
quant_smtcomp_intersection-example-simple.proof-node218096,UNSAT,0.00,0.01,4736,0
quant_smtcomp_intersection-example-simple.proof-node218397,UNSAT,0.00,0.01,4720,0
quant_smtcomp_intersection-example-simple.proof-node218509,UNSAT,0.00,0.01,4752,0
quant_smtcomp_intersection-example-simple.proof-node218846,UNSAT,0.00,0.01,4752,0
quant_smtcomp_intersection-example-simple.proof-node219050,UNSAT,0.00,0.01,4512,0
quant_smtcomp_intersection-example-simple.proof-node219259,UNSAT,0.00,0.01,4496,0
quant_smtcomp_intersection-example-simple.proof-node219371,UNSAT,0.00,0.01,4768,0
quant_smtcomp_intersection-example-simple.proof-node219804,UNSAT,0.00,0.01,4512,0
quant_smtcomp_intersection-example-simple.proof-node220013,UNSAT,0.00,0.01,4496,0
quant_smtcomp_intersection-example-simple.proof-node220125,UNSAT,0.00,0.01,4768,0
quant_smtcomp_intersection-example-simple.proof-node220370,UNSAT,0.00,0.01,4752,0
quant_smtcomp_intersection-example-simple.proof-node220574,UNSAT,0.00,0.01,4720,0
quant_smtcomp_intersection-example-simple.proof-node220783,UNSAT,0.00,0.01,4736,0
quant_smtcomp_intersection-example-simple.proof-node220895,UNSAT,0.00,0.01,4752,0
quant_smtcomp_intersection-example-simple.proof-node221331,UNSAT,0.00,0.01,4752,0
quant_smtcomp_intersection-example-simple.proof-node221443,UNSAT,0.00,0.01,4752,0
quant_smtcomp_intersection-example-simple.proof-node221647,UNSAT,0.00,0.01,4480,0
quant_smtcomp_intersection-example-simple.proof-node221856,UNSAT,0.00,0.01,4528,0
quant_smtcomp_intersection-example-simple.proof-node221968,UNSAT,0.00,0.01,4512,0
quant_smtcomp_intersection-example-simple.proof-node222080,UNSAT,0.00,0.01,4752,0
quant_smtcomp_intersection-example-simple.proof-node222416,UNSAT,0.00,0.01,4736,0
quant_smtcomp_intersection-example-simple.proof-node222661,UNSAT,0.00,0.01,4480,0
quant_smtcomp_intersection-example-simple.proof-node222870,UNSAT,0.00,0.01,4528,0
quant_smtcomp_intersection-example-simple.proof-node222982,UNSAT,0.00,0.01,4480,0
quant_smtcomp_intersection-example-simple.proof-node223094,UNSAT,0.00,0.01,4768,0
quant_smtcomp_intersection-example-simple.proof-node223328,UNSAT,0.00,0.01,4752,0
quant_smtcomp_intersection-example-simple.proof-node223440,UNSAT,0.00,0.01,4752,0
quant_smtcomp_intersection-example-simple.proof-node223644,UNSAT,0.00,0.01,4752,0
quant_smtcomp_intersection-example-simple.proof-node22379,UNSAT,0.00,0.01,4720,0
quant_smtcomp_intersection-example-simple.proof-node223853,UNSAT,0.00,0.01,4768,0
quant_smtcomp_intersection-example-simple.proof-node224018,UNSAT,0.00,0.01,4768,0
quant_smtcomp_intersection-example-simple.proof-node224506,UNSAT,0.00,0.01,4752,0
quant_smtcomp_intersection-example-simple.proof-node224710,UNSAT,0.00,0.01,4736,0
quant_smtcomp_intersection-example-simple.proof-node224924,UNSAT,0.00,0.01,4736,0
quant_smtcomp_intersection-example-simple.proof-node225036,UNSAT,0.00,0.01,4768,0
quant_smtcomp_intersection-example-simple.proof-node225543,UNSAT,0.00,0.01,4720,0
quant_smtcomp_intersection-example-simple.proof-node225757,UNSAT,0.00,0.01,4784,0
quant_smtcomp_intersection-example-simple.proof-node225869,UNSAT,0.00,0.01,4752,0
quant_smtcomp_intersection-example-simple.proof-node226210,UNSAT,0.00,0.01,4752,0
quant_smtcomp_intersection-example-simple.proof-node226414,UNSAT,0.00,0.01,4752,0
quant_smtcomp_intersection-example-simple.proof-node226628,UNSAT,0.00,0.01,4736,0
quant_smtcomp_intersection-example-simple.proof-node226740,UNSAT,0.00,0.01,4736,0
quant_smtcomp_intersection-example-simple.proof-node227233,UNSAT,0.00,0.01,4944,0
quant_smtcomp_intersection-example-simple.proof-node22726,UNSAT,0.00,0.01,4720,0
quant_smtcomp_intersection-example-simple.proof-node227437,UNSAT,0.00,0.01,4928,0
quant_smtcomp_intersection-example-simple.proof-node227651,UNSAT,0.00,0.01,4912,0
quant_smtcomp_intersection-example-simple.proof-node227763,UNSAT,0.00,0.01,4912,0
quant_smtcomp_intersection-example-simple.proof-node228094,UNSAT,0.00,0.01,4912,0
quant_smtcomp_intersection-example-simple.proof-node228430,UNSAT,0.00,0.01,4880,0
quant_smtcomp_intersection-example-simple.proof-node228542,UNSAT,0.00,0.01,4928,0
quant_smtcomp_intersection-example-simple.proof-node228883,UNSAT,0.00,0.01,4928,0
quant_smtcomp_intersection-example-simple.proof-node229087,UNSAT,0.00,0.01,4880,0
quant_smtcomp_intersection-example-simple.proof-node229301,UNSAT,0.00,0.01,4880,0
quant_smtcomp_intersection-example-simple.proof-node229413,UNSAT,0.00,0.01,4896,0
quant_smtcomp_intersection-example-simple.proof-node229846,UNSAT,0.00,0.01,4928,0
quant_smtcomp_intersection-example-simple.proof-node230060,UNSAT,0.00,0.01,4992,0
quant_smtcomp_intersection-example-simple.proof-node230172,UNSAT,0.00,0.01,4912,0
quant_smtcomp_intersection-example-simple.proof-node230538,UNSAT,0.00,0.01,4928,0
quant_smtcomp_intersection-example-simple.proof-node230742,UNSAT,0.00,0.01,4944,0
quant_smtcomp_intersection-example-simple.proof-node230956,UNSAT,0.00,0.01,4928,0
quant_smtcomp_intersection-example-simple.proof-node231068,UNSAT,0.00,0.01,4992,0
quant_smtcomp_intersection-example-simple.proof-node231509,UNSAT,0.00,0.01,4736,0
quant_smtcomp_intersection-example-simple.proof-node231713,UNSAT,0.00,0.01,4768,0
quant_smtcomp_intersection-example-simple.proof-node231922,UNSAT,0.00,0.01,4752,0
quant_smtcomp_intersection-example-simple.proof-node232034,UNSAT,0.00,0.01,4752,0
quant_smtcomp_intersection-example-simple.proof-node232371,UNSAT,0.00,0.01,4736,0
quant_smtcomp_intersection-example-simple.proof-node23251,UNSAT,0.00,0.01,4720,0
quant_smtcomp_intersection-example-simple.proof-node232684,UNSAT,0.00,0.01,4736,0
quant_smtcomp_intersection-example-simple.proof-node232796,UNSAT,0.00,0.01,4784,0
quant_smtcomp_intersection-example-simple.proof-node233143,UNSAT,0.00,0.01,4736,0
quant_smtcomp_intersection-example-simple.proof-node233347,UNSAT,0.00,0.01,4736,0
quant_smtcomp_intersection-example-simple.proof-node233556,UNSAT,0.00,0.01,4736,0
quant_smtcomp_intersection-example-simple.proof-node233668,UNSAT,0.00,0.01,4752,0
quant_smtcomp_intersection-example-simple.proof-node234077,UNSAT,0.00,0.01,4720,0
quant_smtcomp_intersection-example-simple.proof-node234286,UNSAT,0.00,0.01,4784,0
quant_smtcomp_intersection-example-simple.proof-node234398,UNSAT,0.00,0.01,4736,0
quant_smtcomp_intersection-example-simple.proof-node234753,UNSAT,0.00,0.01,4784,0
quant_smtcomp_intersection-example-simple.proof-node234865,UNSAT,0.00,0.01,4768,0
quant_smtcomp_intersection-example-simple.proof-node235069,UNSAT,0.00,0.01,4800,0
quant_smtcomp_intersection-example-simple.proof-node235278,UNSAT,0.00,0.01,4752,0
quant_smtcomp_intersection-example-simple.proof-node235420,UNSAT,0.00,0.01,4768,0
quant_smtcomp_intersection-example-simple.proof-node235746,UNSAT,0.00,0.01,4720,0
quant_smtcomp_intersection-example-simple.proof-node235858,UNSAT,0.00,0.01,4736,0
quant_smtcomp_intersection-example-simple.proof-node236062,UNSAT,0.00,0.01,4768,0
quant_smtcomp_intersection-example-simple.proof-node23618,UNSAT,0.00,0.01,4736,0
quant_smtcomp_intersection-example-simple.proof-node236271,UNSAT,0.00,0.01,4768,0
quant_smtcomp_intersection-example-simple.proof-node236383,UNSAT,0.00,0.01,4736,0
quant_smtcomp_intersection-example-simple.proof-node236495,UNSAT,0.00,0.01,4768,0
quant_smtcomp_intersection-example-simple.proof-node236872,UNSAT,0.00,0.01,4736,0
quant_smtcomp_intersection-example-simple.proof-node237076,UNSAT,0.00,0.01,4768,0
quant_smtcomp_intersection-example-simple.proof-node237285,UNSAT,0.00,0.01,4752,0
quant_smtcomp_intersection-example-simple.proof-node23730,UNSAT,0.00,0.01,4736,0
quant_smtcomp_intersection-example-simple.proof-node237397,UNSAT,0.00,0.01,4768,0
quant_smtcomp_intersection-example-simple.proof-node237509,UNSAT,0.00,0.01,4720,0
quant_smtcomp_intersection-example-simple.proof-node237743,UNSAT,0.00,0.01,4736,0
quant_smtcomp_intersection-example-simple.proof-node237855,UNSAT,0.00,0.01,4752,0
quant_smtcomp_intersection-example-simple.proof-node238059,UNSAT,0.00,0.01,4752,0
quant_smtcomp_intersection-example-simple.proof-node238321,UNSAT,0.00,0.01,4784,0
quant_smtcomp_intersection-example-simple.proof-node238433,UNSAT,0.00,0.01,4736,0
quant_smtcomp_intersection-example-simple.proof-node238985,UNSAT,0.00,0.01,4848,0
quant_smtcomp_intersection-example-simple.proof-node239189,UNSAT,0.00,0.01,4880,0
quant_smtcomp_intersection-example-simple.proof-node23934,UNSAT,0.00,0.01,4752,0
quant_smtcomp_intersection-example-simple.proof-node239403,UNSAT,0.00,0.01,4864,0
quant_smtcomp_intersection-example-simple.proof-node239515,UNSAT,0.00,0.01,4880,0
quant_smtcomp_intersection-example-simple.proof-node239973,UNSAT,0.00,0.01,4880,0
quant_smtcomp_intersection-example-simple.proof-node240177,UNSAT,0.00,0.01,4896,0
quant_smtcomp_intersection-example-simple.proof-node240391,UNSAT,0.00,0.01,4880,0
quant_smtcomp_intersection-example-simple.proof-node240503,UNSAT,0.00,0.01,4832,0
quant_smtcomp_intersection-example-simple.proof-node240742,UNSAT,0.00,0.01,4848,0
quant_smtcomp_intersection-example-simple.proof-node240946,UNSAT,0.00,0.01,4896,0
quant_smtcomp_intersection-example-simple.proof-node241172,UNSAT,0.00,0.01,4880,0
quant_smtcomp_intersection-example-simple.proof-node24143,UNSAT,0.00,0.01,4720,0
quant_smtcomp_intersection-example-simple.proof-node241641,UNSAT,0.00,0.01,4768,0
quant_smtcomp_intersection-example-simple.proof-node241845,UNSAT,0.00,0.01,4720,0
quant_smtcomp_intersection-example-simple.proof-node242059,UNSAT,0.00,0.01,4720,0
quant_smtcomp_intersection-example-simple.proof-node242171,UNSAT,0.00,0.01,4768,0
quant_smtcomp_intersection-example-simple.proof-node24255,UNSAT,0.00,0.01,4736,0
quant_smtcomp_intersection-example-simple.proof-node242696,UNSAT,0.00,0.01,4512,0
quant_smtcomp_intersection-example-simple.proof-node242910,UNSAT,0.00,0.01,4512,0
quant_smtcomp_intersection-example-simple.proof-node243022,UNSAT,0.00,0.01,4720,0
quant_smtcomp_intersection-example-simple.proof-node243358,UNSAT,0.00,0.01,4736,0
quant_smtcomp_intersection-example-simple.proof-node243562,UNSAT,0.00,0.01,4480,0
quant_smtcomp_intersection-example-simple.proof-node24367,UNSAT,0.00,0.01,4784,0
quant_smtcomp_intersection-example-simple.proof-node243776,UNSAT,0.00,0.01,4480,0
quant_smtcomp_intersection-example-simple.proof-node243888,UNSAT,0.00,0.01,4752,0
quant_smtcomp_intersection-example-simple.proof-node244290,UNSAT,0.00,0.01,4752,0
quant_smtcomp_intersection-example-simple.proof-node244494,UNSAT,0.00,0.01,4720,0
quant_smtcomp_intersection-example-simple.proof-node244708,UNSAT,0.00,0.01,4736,0
quant_smtcomp_intersection-example-simple.proof-node244820,UNSAT,0.00,0.01,4736,0
quant_smtcomp_intersection-example-simple.proof-node245151,UNSAT,0.00,0.01,4736,0
quant_smtcomp_intersection-example-simple.proof-node245559,UNSAT,0.00,0.01,4736,0
quant_smtcomp_intersection-example-simple.proof-node245671,UNSAT,0.00,0.01,4752,0
quant_smtcomp_intersection-example-simple.proof-node246007,UNSAT,0.00,0.01,4752,0
quant_smtcomp_intersection-example-simple.proof-node246211,UNSAT,0.00,0.01,4736,0
quant_smtcomp_intersection-example-simple.proof-node246425,UNSAT,0.00,0.01,4736,0
quant_smtcomp_intersection-example-simple.proof-node246537,UNSAT,0.00,0.01,4720,0
quant_smtcomp_intersection-example-simple.proof-node24693,UNSAT,0.00,0.01,4768,0
quant_smtcomp_intersection-example-simple.proof-node246970,UNSAT,0.00,0.01,4720,0
quant_smtcomp_intersection-example-simple.proof-node247184,UNSAT,0.00,0.01,4736,0
quant_smtcomp_intersection-example-simple.proof-node247296,UNSAT,0.00,0.01,4736,0
quant_smtcomp_intersection-example-simple.proof-node247731,UNSAT,0.00,0.01,4880,0
quant_smtcomp_intersection-example-simple.proof-node247843,UNSAT,0.00,0.01,4880,0
quant_smtcomp_intersection-example-simple.proof-node248047,UNSAT,0.00,0.01,4912,0
quant_smtcomp_intersection-example-simple.proof-node248297,UNSAT,0.00,0.01,4864,0
quant_smtcomp_intersection-example-simple.proof-node248409,UNSAT,0.00,0.01,4896,0
quant_smtcomp_intersection-example-simple.proof-node248735,UNSAT,0.00,0.01,4832,0
quant_smtcomp_intersection-example-simple.proof-node248847,UNSAT,0.00,0.01,4848,0
quant_smtcomp_intersection-example-simple.proof-node249051,UNSAT,0.00,0.01,4864,0
quant_smtcomp_intersection-example-simple.proof-node249260,UNSAT,0.00,0.01,4848,0
quant_smtcomp_intersection-example-simple.proof-node249372,UNSAT,0.00,0.01,4864,0
quant_smtcomp_intersection-example-simple.proof-node249484,UNSAT,0.00,0.01,4880,0
quant_smtcomp_intersection-example-simple.proof-node249856,UNSAT,0.00,0.01,4864,0
quant_smtcomp_intersection-example-simple.proof-node249968,UNSAT,0.00,0.01,4896,0
quant_smtcomp_intersection-example-simple.proof-node250172,UNSAT,0.00,0.01,4832,0
quant_smtcomp_intersection-example-simple.proof-node250381,UNSAT,0.00,0.01,4944,0
quant_smtcomp_intersection-example-simple.proof-node250493,UNSAT,0.00,0.01,4832,0
quant_smtcomp_intersection-example-simple.proof-node250605,UNSAT,0.00,0.01,4912,0
quant_smtcomp_intersection-example-simple.proof-node251276,UNSAT,0.00,0.01,4912,0
quant_smtcomp_intersection-example-simple.proof-node251490,UNSAT,0.00,0.01,4832,0
quant_smtcomp_intersection-example-simple.proof-node251602,UNSAT,0.00,0.01,4896,0
quant_smtcomp_intersection-example-simple.proof-node251841,UNSAT,0.00,0.01,4944,0
quant_smtcomp_intersection-example-simple.proof-node252045,UNSAT,0.00,0.01,4864,0
quant_smtcomp_intersection-example-simple.proof-node252259,UNSAT,0.00,0.01,4880,0
quant_smtcomp_intersection-example-simple.proof-node252371,UNSAT,0.00,0.01,4848,0
quant_smtcomp_intersection-example-simple.proof-node252840,UNSAT,0.00,0.01,4832,0
quant_smtcomp_intersection-example-simple.proof-node253044,UNSAT,0.00,0.01,4864,0
quant_smtcomp_intersection-example-simple.proof-node253258,UNSAT,0.00,0.01,4864,0
quant_smtcomp_intersection-example-simple.proof-node253370,UNSAT,0.00,0.01,4864,0
quant_smtcomp_intersection-example-simple.proof-node25342,UNSAT,0.00,0.01,4752,0
quant_smtcomp_intersection-example-simple.proof-node253609,UNSAT,0.00,0.01,4896,0
quant_smtcomp_intersection-example-simple.proof-node253813,UNSAT,0.00,0.01,4880,0
quant_smtcomp_intersection-example-simple.proof-node254057,UNSAT,0.00,0.01,4848,0
quant_smtcomp_intersection-example-simple.proof-node254296,UNSAT,0.00,0.01,4896,0
quant_smtcomp_intersection-example-simple.proof-node254500,UNSAT,0.00,0.01,4880,0
quant_smtcomp_intersection-example-simple.proof-node254714,UNSAT,0.00,0.01,4848,0
quant_smtcomp_intersection-example-simple.proof-node254826,UNSAT,0.00,0.01,4848,0
quant_smtcomp_intersection-example-simple.proof-node255284,UNSAT,0.00,0.01,4752,0
quant_smtcomp_intersection-example-simple.proof-node255602,UNSAT,0.00,0.01,4768,0
quant_smtcomp_intersection-example-simple.proof-node255714,UNSAT,0.00,0.01,4752,0
quant_smtcomp_intersection-example-simple.proof-node255953,UNSAT,0.00,0.01,4816,0
quant_smtcomp_intersection-example-simple.proof-node256157,UNSAT,0.00,0.01,4752,0
quant_smtcomp_intersection-example-simple.proof-node256371,UNSAT,0.00,0.01,4816,0
quant_smtcomp_intersection-example-simple.proof-node256483,UNSAT,0.00,0.01,4800,0
quant_smtcomp_intersection-example-simple.proof-node25678,UNSAT,0.00,0.01,4752,0
quant_smtcomp_intersection-example-simple.proof-node256814,UNSAT,0.00,0.01,4800,0
quant_smtcomp_intersection-example-simple.proof-node257150,UNSAT,0.00,0.01,4800,0
quant_smtcomp_intersection-example-simple.proof-node257354,UNSAT,0.00,0.01,4784,0
quant_smtcomp_intersection-example-simple.proof-node257568,UNSAT,0.00,0.01,4800,0
quant_smtcomp_intersection-example-simple.proof-node257680,UNSAT,0.00,0.01,4800,0
quant_smtcomp_intersection-example-simple.proof-node25790,UNSAT,0.00,0.01,4736,0
quant_smtcomp_intersection-example-simple.proof-node257919,UNSAT,0.00,0.01,4784,0
quant_smtcomp_intersection-example-simple.proof-node258123,UNSAT,0.00,0.01,4752,0
quant_smtcomp_intersection-example-simple.proof-node258367,UNSAT,0.00,0.01,4816,0
quant_smtcomp_intersection-example-simple.proof-node258606,UNSAT,0.00,0.01,4784,0
quant_smtcomp_intersection-example-simple.proof-node258810,UNSAT,0.00,0.01,4768,0
quant_smtcomp_intersection-example-simple.proof-node259024,UNSAT,0.00,0.01,4784,0
quant_smtcomp_intersection-example-simple.proof-node259136,UNSAT,0.00,0.01,4816,0
quant_smtcomp_intersection-example-simple.proof-node259497,UNSAT,0.00,0.01,4832,0
quant_smtcomp_intersection-example-simple.proof-node259905,UNSAT,0.00,0.01,4800,0
quant_smtcomp_intersection-example-simple.proof-node260017,UNSAT,0.00,0.01,4816,0
quant_smtcomp_intersection-example-simple.proof-node260256,UNSAT,0.00,0.01,4816,0
quant_smtcomp_intersection-example-simple.proof-node260460,UNSAT,0.00,0.01,4800,0
quant_smtcomp_intersection-example-simple.proof-node260674,UNSAT,0.00,0.01,4768,0
quant_smtcomp_intersection-example-simple.proof-node260786,UNSAT,0.00,0.01,4816,0
quant_smtcomp_intersection-example-simple.proof-node261117,UNSAT,0.00,0.01,4800,0
quant_smtcomp_intersection-example-simple.proof-node261453,UNSAT,0.00,0.01,4800,0
quant_smtcomp_intersection-example-simple.proof-node261657,UNSAT,0.00,0.01,4784,0
quant_smtcomp_intersection-example-simple.proof-node261871,UNSAT,0.00,0.01,4784,0
quant_smtcomp_intersection-example-simple.proof-node261983,UNSAT,0.00,0.01,4816,0
quant_smtcomp_intersection-example-simple.proof-node262222,UNSAT,0.00,0.01,4784,0
quant_smtcomp_intersection-example-simple.proof-node262426,UNSAT,0.00,0.01,4784,0
quant_smtcomp_intersection-example-simple.proof-node262670,UNSAT,0.00,0.01,4768,0
quant_smtcomp_intersection-example-simple.proof-node262909,UNSAT,0.00,0.01,4832,0
quant_smtcomp_intersection-example-simple.proof-node263113,UNSAT,0.00,0.01,4800,0
quant_smtcomp_intersection-example-simple.proof-node263327,UNSAT,0.00,0.01,4816,0
quant_smtcomp_intersection-example-simple.proof-node263439,UNSAT,0.00,0.01,4816,0
quant_smtcomp_intersection-example-simple.proof-node263864,UNSAT,0.00,0.01,4896,0
quant_smtcomp_intersection-example-simple.proof-node26387,UNSAT,0.00,0.01,4736,0
quant_smtcomp_intersection-example-simple.proof-node264195,UNSAT,0.00,0.01,4880,0
quant_smtcomp_intersection-example-simple.proof-node264307,UNSAT,0.00,0.01,4896,0
quant_smtcomp_intersection-example-simple.proof-node264552,UNSAT,0.00,0.01,4864,0
quant_smtcomp_intersection-example-simple.proof-node264756,UNSAT,0.00,0.01,4848,0
quant_smtcomp_intersection-example-simple.proof-node264965,UNSAT,0.00,0.01,4848,0
quant_smtcomp_intersection-example-simple.proof-node265077,UNSAT,0.00,0.01,4928,0
quant_smtcomp_intersection-example-simple.proof-node265590,UNSAT,0.00,0.01,4864,0
quant_smtcomp_intersection-example-simple.proof-node2657,UNSAT,0.00,0.01,4896,0
quant_smtcomp_intersection-example-simple.proof-node265799,UNSAT,0.00,0.01,4832,0
quant_smtcomp_intersection-example-simple.proof-node265911,UNSAT,0.00,0.01,4880,0
quant_smtcomp_intersection-example-simple.proof-node26621,UNSAT,0.00,0.01,4736,0
quant_smtcomp_intersection-example-simple.proof-node266253,UNSAT,0.00,0.01,4864,0
quant_smtcomp_intersection-example-simple.proof-node266457,UNSAT,0.00,0.01,4848,0
quant_smtcomp_intersection-example-simple.proof-node266666,UNSAT,0.00,0.01,4896,0
quant_smtcomp_intersection-example-simple.proof-node266778,UNSAT,0.00,0.01,4848,0
quant_smtcomp_intersection-example-simple.proof-node267053,UNSAT,0.00,0.01,4864,0
quant_smtcomp_intersection-example-simple.proof-node267257,UNSAT,0.00,0.01,4880,0
quant_smtcomp_intersection-example-simple.proof-node26733,UNSAT,0.00,0.01,4720,0
quant_smtcomp_intersection-example-simple.proof-node267466,UNSAT,0.00,0.01,4864,0
quant_smtcomp_intersection-example-simple.proof-node267578,UNSAT,0.00,0.01,4896,0
quant_smtcomp_intersection-example-simple.proof-node267928,UNSAT,0.00,0.01,4912,0
quant_smtcomp_intersection-example-simple.proof-node268040,UNSAT,0.00,0.01,4896,0
quant_smtcomp_intersection-example-simple.proof-node268443,UNSAT,0.00,0.01,4912,0
quant_smtcomp_intersection-example-simple.proof-node268555,UNSAT,0.00,0.01,4880,0
quant_smtcomp_intersection-example-simple.proof-node268667,UNSAT,0.00,0.01,4832,0
quant_smtcomp_intersection-example-simple.proof-node268901,UNSAT,0.00,0.01,4880,0
quant_smtcomp_intersection-example-simple.proof-node269013,UNSAT,0.00,0.01,4880,0
quant_smtcomp_intersection-example-simple.proof-node269217,UNSAT,0.00,0.01,4880,0
quant_smtcomp_intersection-example-simple.proof-node26937,UNSAT,0.00,0.01,4752,0
quant_smtcomp_intersection-example-simple.proof-node269426,UNSAT,0.00,0.01,4848,0
quant_smtcomp_intersection-example-simple.proof-node269538,UNSAT,0.00,0.01,4896,0
quant_smtcomp_intersection-example-simple.proof-node269650,UNSAT,0.00,0.01,4880,0
quant_smtcomp_intersection-example-simple.proof-node270009,UNSAT,0.00,0.01,4864,0
quant_smtcomp_intersection-example-simple.proof-node270121,UNSAT,0.00,0.01,4912,0
quant_smtcomp_intersection-example-simple.proof-node270325,UNSAT,0.00,0.01,4912,0
quant_smtcomp_intersection-example-simple.proof-node270534,UNSAT,0.00,0.01,4880,0
quant_smtcomp_intersection-example-simple.proof-node270646,UNSAT,0.00,0.01,4880,0
quant_smtcomp_intersection-example-simple.proof-node270758,UNSAT,0.00,0.01,4896,0
quant_smtcomp_intersection-example-simple.proof-node270992,UNSAT,0.00,0.01,4864,0
quant_smtcomp_intersection-example-simple.proof-node271104,UNSAT,0.00,0.01,4912,0
quant_smtcomp_intersection-example-simple.proof-node271341,UNSAT,0.00,0.01,4896,0
quant_smtcomp_intersection-example-simple.proof-node271453,UNSAT,0.00,0.01,4864,0
quant_smtcomp_intersection-example-simple.proof-node27146,UNSAT,0.00,0.01,4736,0
quant_smtcomp_intersection-example-simple.proof-node271565,UNSAT,0.00,0.01,4864,0
quant_smtcomp_intersection-example-simple.proof-node271799,UNSAT,0.00,0.01,4896,0
quant_smtcomp_intersection-example-simple.proof-node271911,UNSAT,0.00,0.04,4880,0
quant_smtcomp_intersection-example-simple.proof-node272115,UNSAT,0.00,0.03,4896,0
quant_smtcomp_intersection-example-simple.proof-node272324,UNSAT,0.00,0.03,4880,0
quant_smtcomp_intersection-example-simple.proof-node272436,UNSAT,0.00,0.01,4912,0
quant_smtcomp_intersection-example-simple.proof-node272548,UNSAT,0.00,0.01,4928,0
quant_smtcomp_intersection-example-simple.proof-node27258,UNSAT,0.00,0.01,4768,0
quant_smtcomp_intersection-example-simple.proof-node273053,UNSAT,0.00,0.01,4944,0
quant_smtcomp_intersection-example-simple.proof-node273257,UNSAT,0.00,0.01,4928,0
quant_smtcomp_intersection-example-simple.proof-node273471,UNSAT,0.00,0.01,4944,0
quant_smtcomp_intersection-example-simple.proof-node273583,UNSAT,0.00,0.01,4880,0
quant_smtcomp_intersection-example-simple.proof-node27370,UNSAT,0.00,0.01,4768,0
quant_smtcomp_intersection-example-simple.proof-node273822,UNSAT,0.00,0.01,4928,0
quant_smtcomp_intersection-example-simple.proof-node274230,UNSAT,0.00,0.01,4928,0
quant_smtcomp_intersection-example-simple.proof-node274342,UNSAT,0.00,0.01,4928,0
quant_smtcomp_intersection-example-simple.proof-node274673,UNSAT,0.00,0.01,4944,0
quant_smtcomp_intersection-example-simple.proof-node274877,UNSAT,0.00,0.01,4928,0
quant_smtcomp_intersection-example-simple.proof-node275091,UNSAT,0.00,0.01,4912,0
quant_smtcomp_intersection-example-simple.proof-node275203,UNSAT,0.00,0.01,4896,0
quant_smtcomp_intersection-example-simple.proof-node275661,UNSAT,0.00,0.01,4912,0
quant_smtcomp_intersection-example-simple.proof-node275875,UNSAT,0.00,0.01,4912,0
quant_smtcomp_intersection-example-simple.proof-node275987,UNSAT,0.00,0.01,4896,0
quant_smtcomp_intersection-example-simple.proof-node276226,UNSAT,0.00,0.01,4976,0
quant_smtcomp_intersection-example-simple.proof-node276430,UNSAT,0.00,0.01,4896,0
quant_smtcomp_intersection-example-simple.proof-node276644,UNSAT,0.00,0.01,4944,0
quant_smtcomp_intersection-example-simple.proof-node276756,UNSAT,0.00,0.01,4880,0
quant_smtcomp_intersection-example-simple.proof-node277087,UNSAT,0.00,0.01,4896,0
quant_smtcomp_intersection-example-simple.proof-node277301,UNSAT,0.00,0.01,4864,0
quant_smtcomp_intersection-example-simple.proof-node277413,UNSAT,0.00,0.01,4944,0
quant_smtcomp_intersection-example-simple.proof-node277871,UNSAT,0.00,0.01,4720,0
quant_smtcomp_intersection-example-simple.proof-node278075,UNSAT,0.00,0.01,4720,0
quant_smtcomp_intersection-example-simple.proof-node278289,UNSAT,0.00,0.01,4736,0
quant_smtcomp_intersection-example-simple.proof-node278569,UNSAT,0.00,0.01,4752,0
quant_smtcomp_intersection-example-simple.proof-node278773,UNSAT,0.00,0.01,4752,0
quant_smtcomp_intersection-example-simple.proof-node278987,UNSAT,0.00,0.01,4736,0
quant_smtcomp_intersection-example-simple.proof-node279099,UNSAT,0.00,0.01,4736,0
quant_smtcomp_intersection-example-simple.proof-node27939,UNSAT,0.00,0.01,4752,0
quant_smtcomp_intersection-example-simple.proof-node279430,UNSAT,0.00,0.01,4752,0
quant_smtcomp_intersection-example-simple.proof-node279634,UNSAT,0.00,0.01,4496,0
quant_smtcomp_intersection-example-simple.proof-node279878,UNSAT,0.00,0.01,4752,0
quant_smtcomp_intersection-example-simple.proof-node280214,UNSAT,0.00,0.01,4736,0
quant_smtcomp_intersection-example-simple.proof-node280418,UNSAT,0.00,0.01,4512,0
quant_smtcomp_intersection-example-simple.proof-node280632,UNSAT,0.00,0.01,4496,0
quant_smtcomp_intersection-example-simple.proof-node280744,UNSAT,0.00,0.01,4752,0
quant_smtcomp_intersection-example-simple.proof-node280983,UNSAT,0.00,0.01,4752,0
quant_smtcomp_intersection-example-simple.proof-node281187,UNSAT,0.00,0.01,4528,0
quant_smtcomp_intersection-example-simple.proof-node281316,UNSAT,0.00,0.01,4752,0
quant_smtcomp_intersection-example-simple.proof-node28143,UNSAT,0.00,0.01,4512,0
quant_smtcomp_intersection-example-simple.proof-node281555,UNSAT,0.00,0.01,4768,0
quant_smtcomp_intersection-example-simple.proof-node281759,UNSAT,0.00,0.01,4736,0
quant_smtcomp_intersection-example-simple.proof-node281973,UNSAT,0.00,0.01,4736,0
quant_smtcomp_intersection-example-simple.proof-node282085,UNSAT,0.00,0.01,4736,0
quant_smtcomp_intersection-example-simple.proof-node282446,UNSAT,0.00,0.01,4736,0
quant_smtcomp_intersection-example-simple.proof-node282854,UNSAT,0.00,0.01,4752,0
quant_smtcomp_intersection-example-simple.proof-node282966,UNSAT,0.00,0.01,4752,0
quant_smtcomp_intersection-example-simple.proof-node283205,UNSAT,0.00,0.01,4768,0
quant_smtcomp_intersection-example-simple.proof-node283409,UNSAT,0.00,0.01,4736,0
quant_smtcomp_intersection-example-simple.proof-node28357,UNSAT,0.00,0.01,4496,0
quant_smtcomp_intersection-example-simple.proof-node283623,UNSAT,0.00,0.01,4768,0
quant_smtcomp_intersection-example-simple.proof-node283735,UNSAT,0.00,0.01,4752,0
quant_smtcomp_intersection-example-simple.proof-node284066,UNSAT,0.00,0.01,4736,0
quant_smtcomp_intersection-example-simple.proof-node284402,UNSAT,0.00,0.01,4736,0
quant_smtcomp_intersection-example-simple.proof-node284606,UNSAT,0.00,0.01,4736,0
quant_smtcomp_intersection-example-simple.proof-node28469,UNSAT,0.00,0.01,4736,0
quant_smtcomp_intersection-example-simple.proof-node284820,UNSAT,0.00,0.01,4752,0
quant_smtcomp_intersection-example-simple.proof-node284932,UNSAT,0.00,0.01,4736,0
quant_smtcomp_intersection-example-simple.proof-node285171,UNSAT,0.00,0.01,4752,0
quant_smtcomp_intersection-example-simple.proof-node285375,UNSAT,0.00,0.01,4736,0
quant_smtcomp_intersection-example-simple.proof-node285619,UNSAT,0.00,0.01,4736,0
quant_smtcomp_intersection-example-simple.proof-node285858,UNSAT,0.00,0.01,4720,0
quant_smtcomp_intersection-example-simple.proof-node286062,UNSAT,0.00,0.01,4736,0
quant_smtcomp_intersection-example-simple.proof-node286276,UNSAT,0.00,0.01,4720,0
quant_smtcomp_intersection-example-simple.proof-node286388,UNSAT,0.00,0.01,4736,0
quant_smtcomp_intersection-example-simple.proof-node286813,UNSAT,0.00,0.01,4896,0
quant_smtcomp_intersection-example-simple.proof-node287144,UNSAT,0.00,0.01,4896,0
quant_smtcomp_intersection-example-simple.proof-node287256,UNSAT,0.00,0.01,4864,0
quant_smtcomp_intersection-example-simple.proof-node287501,UNSAT,0.00,0.01,4880,0
quant_smtcomp_intersection-example-simple.proof-node287705,UNSAT,0.00,0.01,4832,0
quant_smtcomp_intersection-example-simple.proof-node287914,UNSAT,0.00,0.01,4880,0
quant_smtcomp_intersection-example-simple.proof-node288026,UNSAT,0.00,0.01,4832,0
quant_smtcomp_intersection-example-simple.proof-node28810,UNSAT,0.00,0.01,4752,0
quant_smtcomp_intersection-example-simple.proof-node288539,UNSAT,0.00,0.01,4912,0
quant_smtcomp_intersection-example-simple.proof-node288748,UNSAT,0.00,0.01,4864,0
quant_smtcomp_intersection-example-simple.proof-node288860,UNSAT,0.00,0.01,4880,0
quant_smtcomp_intersection-example-simple.proof-node289202,UNSAT,0.00,0.01,4864,0
quant_smtcomp_intersection-example-simple.proof-node289406,UNSAT,0.00,0.01,4848,0
quant_smtcomp_intersection-example-simple.proof-node289615,UNSAT,0.00,0.01,4880,0
quant_smtcomp_intersection-example-simple.proof-node289727,UNSAT,0.00,0.01,4864,0
quant_smtcomp_intersection-example-simple.proof-node290002,UNSAT,0.00,0.01,4880,0
quant_smtcomp_intersection-example-simple.proof-node29014,UNSAT,0.00,0.01,4528,0
quant_smtcomp_intersection-example-simple.proof-node290206,UNSAT,0.00,0.01,4880,0
quant_smtcomp_intersection-example-simple.proof-node290415,UNSAT,0.00,0.01,4880,0
quant_smtcomp_intersection-example-simple.proof-node290527,UNSAT,0.00,0.01,4896,0
quant_smtcomp_intersection-example-simple.proof-node290877,UNSAT,0.00,0.01,4864,0
quant_smtcomp_intersection-example-simple.proof-node290989,UNSAT,0.00,0.01,4880,0
quant_smtcomp_intersection-example-simple.proof-node291392,UNSAT,0.00,0.01,4864,0
quant_smtcomp_intersection-example-simple.proof-node291504,UNSAT,0.00,0.01,4832,0
quant_smtcomp_intersection-example-simple.proof-node29154,UNSAT,0.00,0.01,4736,0
quant_smtcomp_intersection-example-simple.proof-node291616,UNSAT,0.00,0.01,4896,0
quant_smtcomp_intersection-example-simple.proof-node291850,UNSAT,0.00,0.01,4864,0
quant_smtcomp_intersection-example-simple.proof-node291962,UNSAT,0.00,0.01,4880,0
quant_smtcomp_intersection-example-simple.proof-node292166,UNSAT,0.00,0.01,4848,0
quant_smtcomp_intersection-example-simple.proof-node292375,UNSAT,0.00,0.01,4864,0
quant_smtcomp_intersection-example-simple.proof-node292487,UNSAT,0.00,0.01,4864,0
quant_smtcomp_intersection-example-simple.proof-node292599,UNSAT,0.00,0.01,4832,0
quant_smtcomp_intersection-example-simple.proof-node292958,UNSAT,0.00,0.01,4848,0
quant_smtcomp_intersection-example-simple.proof-node293070,UNSAT,0.00,0.01,4912,0
quant_smtcomp_intersection-example-simple.proof-node293274,UNSAT,0.00,0.01,4880,0
quant_smtcomp_intersection-example-simple.proof-node293483,UNSAT,0.00,0.01,4912,0
quant_smtcomp_intersection-example-simple.proof-node293595,UNSAT,0.00,0.01,4912,0
quant_smtcomp_intersection-example-simple.proof-node293707,UNSAT,0.00,0.01,4864,0
quant_smtcomp_intersection-example-simple.proof-node29393,UNSAT,0.00,0.01,4736,0
quant_smtcomp_intersection-example-simple.proof-node293941,UNSAT,0.00,0.01,4864,0
quant_smtcomp_intersection-example-simple.proof-node294053,UNSAT,0.00,0.01,4848,0
quant_smtcomp_intersection-example-simple.proof-node294290,UNSAT,0.00,0.01,4880,0
quant_smtcomp_intersection-example-simple.proof-node294402,UNSAT,0.00,0.01,4880,0
quant_smtcomp_intersection-example-simple.proof-node294514,UNSAT,0.00,0.01,4896,0
quant_smtcomp_intersection-example-simple.proof-node294748,UNSAT,0.00,0.01,4896,0
quant_smtcomp_intersection-example-simple.proof-node294860,UNSAT,0.00,0.01,4880,0
quant_smtcomp_intersection-example-simple.proof-node295064,UNSAT,0.00,0.01,4912,0
quant_smtcomp_intersection-example-simple.proof-node295273,UNSAT,0.00,0.01,4880,0
quant_smtcomp_intersection-example-simple.proof-node295385,UNSAT,0.00,0.01,4864,0
quant_smtcomp_intersection-example-simple.proof-node295497,UNSAT,0.00,0.01,4896,0
quant_smtcomp_intersection-example-simple.proof-node29597,UNSAT,0.00,0.01,4736,0
quant_smtcomp_intersection-example-simple.proof-node296251,UNSAT,0.00,0.01,4944,0
quant_smtcomp_intersection-example-simple.proof-node296455,UNSAT,0.00,0.01,4912,0
quant_smtcomp_intersection-example-simple.proof-node296669,UNSAT,0.00,0.01,4896,0
quant_smtcomp_intersection-example-simple.proof-node296781,UNSAT,0.00,0.01,4864,0
quant_smtcomp_intersection-example-simple.proof-node297193,UNSAT,0.00,0.01,4928,0
quant_smtcomp_intersection-example-simple.proof-node297407,UNSAT,0.00,0.01,4944,0
quant_smtcomp_intersection-example-simple.proof-node297519,UNSAT,0.00,0.01,4944,0
quant_smtcomp_intersection-example-simple.proof-node297860,UNSAT,0.00,0.01,4928,0
quant_smtcomp_intersection-example-simple.proof-node298064,UNSAT,0.00,0.01,4944,0
quant_smtcomp_intersection-example-simple.proof-node29811,UNSAT,0.00,0.01,4752,0
quant_smtcomp_intersection-example-simple.proof-node298278,UNSAT,0.00,0.01,4912,0
quant_smtcomp_intersection-example-simple.proof-node298390,UNSAT,0.00,0.01,4896,0
quant_smtcomp_intersection-example-simple.proof-node298883,UNSAT,0.00,0.01,4768,0
quant_smtcomp_intersection-example-simple.proof-node299087,UNSAT,0.00,0.01,4736,0
quant_smtcomp_intersection-example-simple.proof-node29923,UNSAT,0.00,0.01,4736,0
quant_smtcomp_intersection-example-simple.proof-node299301,UNSAT,0.00,0.01,4736,0
quant_smtcomp_intersection-example-simple.proof-node299413,UNSAT,0.00,0.01,4768,0
quant_smtcomp_intersection-example-simple.proof-node299744,UNSAT,0.00,0.01,4768,0
quant_smtcomp_intersection-example-simple.proof-node2998,UNSAT,0.00,0.01,4880,0
quant_smtcomp_intersection-example-simple.proof-node300080,UNSAT,0.00,0.01,4736,0
quant_smtcomp_intersection-example-simple.proof-node300192,UNSAT,0.00,0.01,4736,0
quant_smtcomp_intersection-example-simple.proof-node300533,UNSAT,0.00,0.01,4752,0
quant_smtcomp_intersection-example-simple.proof-node300737,UNSAT,0.00,0.01,4736,0
quant_smtcomp_intersection-example-simple.proof-node300951,UNSAT,0.00,0.01,4768,0
quant_smtcomp_intersection-example-simple.proof-node301063,UNSAT,0.00,0.01,4736,0
quant_smtcomp_intersection-example-simple.proof-node301496,UNSAT,0.00,0.01,4752,0
quant_smtcomp_intersection-example-simple.proof-node301710,UNSAT,0.00,0.01,4720,0
quant_smtcomp_intersection-example-simple.proof-node301822,UNSAT,0.00,0.01,4736,0
quant_smtcomp_intersection-example-simple.proof-node302188,UNSAT,0.00,0.01,4784,0
quant_smtcomp_intersection-example-simple.proof-node302392,UNSAT,0.00,0.01,4736,0
quant_smtcomp_intersection-example-simple.proof-node302606,UNSAT,0.00,0.01,4752,0
quant_smtcomp_intersection-example-simple.proof-node302718,UNSAT,0.00,0.01,4752,0
quant_smtcomp_intersection-example-simple.proof-node303147,UNSAT,0.00,0.01,4960,0
quant_smtcomp_intersection-example-simple.proof-node303259,UNSAT,0.00,0.01,4960,0
quant_smtcomp_intersection-example-simple.proof-node303463,UNSAT,0.00,0.01,4944,0
quant_smtcomp_intersection-example-simple.proof-node303672,UNSAT,0.00,0.01,4928,0
quant_smtcomp_intersection-example-simple.proof-node303784,UNSAT,0.00,0.02,5024,0
quant_smtcomp_intersection-example-simple.proof-node30386,UNSAT,0.00,0.01,4992,0
quant_smtcomp_intersection-example-simple.proof-node303896,UNSAT,0.00,0.01,4928,0
quant_smtcomp_intersection-example-simple.proof-node304263,UNSAT,0.00,0.01,4960,0
quant_smtcomp_intersection-example-simple.proof-node304467,UNSAT,0.00,0.01,4960,0
quant_smtcomp_intersection-example-simple.proof-node304676,UNSAT,0.00,0.01,4976,0
quant_smtcomp_intersection-example-simple.proof-node304788,UNSAT,0.00,0.01,4944,0
quant_smtcomp_intersection-example-simple.proof-node304900,UNSAT,0.00,0.01,4928,0
quant_smtcomp_intersection-example-simple.proof-node305236,UNSAT,0.00,0.01,4976,0
quant_smtcomp_intersection-example-simple.proof-node305348,UNSAT,0.00,0.01,5008,0
quant_smtcomp_intersection-example-simple.proof-node305552,UNSAT,0.00,0.01,4928,0
quant_smtcomp_intersection-example-simple.proof-node305710,UNSAT,0.00,0.01,4928,0
quant_smtcomp_intersection-example-simple.proof-node305944,UNSAT,0.00,0.01,4928,0
quant_smtcomp_intersection-example-simple.proof-node306056,UNSAT,0.00,0.01,4912,0
quant_smtcomp_intersection-example-simple.proof-node306260,UNSAT,0.00,0.01,4912,0
quant_smtcomp_intersection-example-simple.proof-node306469,UNSAT,0.00,0.01,4928,0
quant_smtcomp_intersection-example-simple.proof-node306581,UNSAT,0.00,0.01,4912,0
quant_smtcomp_intersection-example-simple.proof-node306693,UNSAT,0.00,0.01,4912,0
quant_smtcomp_intersection-example-simple.proof-node30692,UNSAT,0.00,0.01,4912,0
quant_smtcomp_intersection-example-simple.proof-node307382,UNSAT,0.00,0.01,4720,0
quant_smtcomp_intersection-example-simple.proof-node307586,UNSAT,0.00,0.01,4736,0
quant_smtcomp_intersection-example-simple.proof-node307800,UNSAT,0.00,0.01,4768,0
quant_smtcomp_intersection-example-simple.proof-node307912,UNSAT,0.00,0.01,4736,0
quant_smtcomp_intersection-example-simple.proof-node30804,UNSAT,0.00,0.01,4864,0
quant_smtcomp_intersection-example-simple.proof-node308253,UNSAT,0.00,0.01,4736,0
quant_smtcomp_intersection-example-simple.proof-node308457,UNSAT,0.00,0.01,4720,0
quant_smtcomp_intersection-example-simple.proof-node308597,UNSAT,0.00,0.01,4736,0
quant_smtcomp_intersection-example-simple.proof-node308836,UNSAT,0.00,0.01,4784,0
quant_smtcomp_intersection-example-simple.proof-node309040,UNSAT,0.00,0.01,4736,0
quant_smtcomp_intersection-example-simple.proof-node309254,UNSAT,0.00,0.01,4736,0
quant_smtcomp_intersection-example-simple.proof-node309366,UNSAT,0.00,0.01,4784,0
quant_smtcomp_intersection-example-simple.proof-node309829,UNSAT,0.00,0.01,4928,0
quant_smtcomp_intersection-example-simple.proof-node310135,UNSAT,0.00,0.01,4912,0
quant_smtcomp_intersection-example-simple.proof-node310247,UNSAT,0.00,0.01,4912,0
quant_smtcomp_intersection-example-simple.proof-node310578,UNSAT,0.00,0.01,4928,0
quant_smtcomp_intersection-example-simple.proof-node310782,UNSAT,0.00,0.01,4896,0
quant_smtcomp_intersection-example-simple.proof-node310996,UNSAT,0.00,0.01,4880,0
quant_smtcomp_intersection-example-simple.proof-node311108,UNSAT,0.00,0.01,4896,0
quant_smtcomp_intersection-example-simple.proof-node31135,UNSAT,0.00,0.01,4928,0
quant_smtcomp_intersection-example-simple.proof-node311553,UNSAT,0.00,0.01,4912,0
quant_smtcomp_intersection-example-simple.proof-node311767,UNSAT,0.00,0.01,4880,0
quant_smtcomp_intersection-example-simple.proof-node311879,UNSAT,0.00,0.01,4896,0
quant_smtcomp_intersection-example-simple.proof-node312118,UNSAT,0.00,0.01,4912,0
quant_smtcomp_intersection-example-simple.proof-node312322,UNSAT,0.00,0.01,4880,0
quant_smtcomp_intersection-example-simple.proof-node312536,UNSAT,0.00,0.01,4864,0
quant_smtcomp_intersection-example-simple.proof-node312648,UNSAT,0.00,0.01,4912,0
quant_smtcomp_intersection-example-simple.proof-node313106,UNSAT,0.00,0.01,4912,0
quant_smtcomp_intersection-example-simple.proof-node313310,UNSAT,0.00,0.01,4912,0
quant_smtcomp_intersection-example-simple.proof-node31339,UNSAT,0.00,0.01,4880,0
quant_smtcomp_intersection-example-simple.proof-node313524,UNSAT,0.00,0.01,4912,0
quant_smtcomp_intersection-example-simple.proof-node313636,UNSAT,0.00,0.01,4896,0
quant_smtcomp_intersection-example-simple.proof-node313977,UNSAT,0.00,0.01,4928,0
quant_smtcomp_intersection-example-simple.proof-node314181,UNSAT,0.00,0.01,4880,0
quant_smtcomp_intersection-example-simple.proof-node314321,UNSAT,0.00,0.01,4928,0
quant_smtcomp_intersection-example-simple.proof-node314560,UNSAT,0.00,0.01,4944,0
quant_smtcomp_intersection-example-simple.proof-node314764,UNSAT,0.00,0.01,4912,0
quant_smtcomp_intersection-example-simple.proof-node314978,UNSAT,0.00,0.01,4912,0
quant_smtcomp_intersection-example-simple.proof-node315090,UNSAT,0.00,0.01,4912,0
quant_smtcomp_intersection-example-simple.proof-node31553,UNSAT,0.00,0.01,4880,0
quant_smtcomp_intersection-example-simple.proof-node315531,UNSAT,0.00,0.01,4752,0
quant_smtcomp_intersection-example-simple.proof-node315832,UNSAT,0.00,0.01,4752,0
quant_smtcomp_intersection-example-simple.proof-node315944,UNSAT,0.00,0.01,4784,0
quant_smtcomp_intersection-example-simple.proof-node316281,UNSAT,0.00,0.01,4752,0
quant_smtcomp_intersection-example-simple.proof-node316485,UNSAT,0.00,0.01,4752,0
quant_smtcomp_intersection-example-simple.proof-node31665,UNSAT,0.00,0.01,4880,0
quant_smtcomp_intersection-example-simple.proof-node316694,UNSAT,0.00,0.01,4720,0
quant_smtcomp_intersection-example-simple.proof-node316806,UNSAT,0.00,0.01,4720,0
quant_smtcomp_intersection-example-simple.proof-node317239,UNSAT,0.00,0.01,4752,0
quant_smtcomp_intersection-example-simple.proof-node317448,UNSAT,0.00,0.01,4752,0
quant_smtcomp_intersection-example-simple.proof-node317560,UNSAT,0.00,0.01,4720,0
quant_smtcomp_intersection-example-simple.proof-node317805,UNSAT,0.00,0.01,4736,0
quant_smtcomp_intersection-example-simple.proof-node318009,UNSAT,0.00,0.01,4752,0
quant_smtcomp_intersection-example-simple.proof-node318218,UNSAT,0.00,0.01,4784,0
quant_smtcomp_intersection-example-simple.proof-node318330,UNSAT,0.00,0.01,4752,0
quant_smtcomp_intersection-example-simple.proof-node318766,UNSAT,0.00,0.01,4736,0
quant_smtcomp_intersection-example-simple.proof-node318878,UNSAT,0.00,0.01,4736,0
quant_smtcomp_intersection-example-simple.proof-node319082,UNSAT,0.00,0.01,4768,0
quant_smtcomp_intersection-example-simple.proof-node319291,UNSAT,0.00,0.01,4752,0
quant_smtcomp_intersection-example-simple.proof-node319403,UNSAT,0.00,0.01,4752,0
quant_smtcomp_intersection-example-simple.proof-node319515,UNSAT,0.00,0.01,4768,0
quant_smtcomp_intersection-example-simple.proof-node319851,UNSAT,0.00,0.01,4736,0
quant_smtcomp_intersection-example-simple.proof-node320096,UNSAT,0.00,0.01,4736,0
quant_smtcomp_intersection-example-simple.proof-node320305,UNSAT,0.00,0.01,4768,0
quant_smtcomp_intersection-example-simple.proof-node320417,UNSAT,0.00,0.01,4720,0
quant_smtcomp_intersection-example-simple.proof-node320529,UNSAT,0.00,0.01,4752,0
quant_smtcomp_intersection-example-simple.proof-node320763,UNSAT,0.00,0.01,4752,0
quant_smtcomp_intersection-example-simple.proof-node320875,UNSAT,0.00,0.01,4768,0
quant_smtcomp_intersection-example-simple.proof-node321079,UNSAT,0.00,0.01,4736,0
quant_smtcomp_intersection-example-simple.proof-node32110,UNSAT,0.00,0.01,4880,0
quant_smtcomp_intersection-example-simple.proof-node321288,UNSAT,0.00,0.01,4752,0
quant_smtcomp_intersection-example-simple.proof-node321453,UNSAT,0.00,0.01,4784,0
quant_smtcomp_intersection-example-simple.proof-node321941,UNSAT,0.00,0.01,4752,0
quant_smtcomp_intersection-example-simple.proof-node322145,UNSAT,0.00,0.01,4736,0
quant_smtcomp_intersection-example-simple.proof-node322359,UNSAT,0.00,0.01,4768,0
quant_smtcomp_intersection-example-simple.proof-node322471,UNSAT,0.00,0.01,4736,0
quant_smtcomp_intersection-example-simple.proof-node322978,UNSAT,0.00,0.01,4784,0
quant_smtcomp_intersection-example-simple.proof-node323192,UNSAT,0.00,0.01,4736,0
quant_smtcomp_intersection-example-simple.proof-node32324,UNSAT,0.00,0.01,4864,0
quant_smtcomp_intersection-example-simple.proof-node323304,UNSAT,0.00,0.01,4752,0
quant_smtcomp_intersection-example-simple.proof-node323645,UNSAT,0.00,0.01,4752,0
quant_smtcomp_intersection-example-simple.proof-node323849,UNSAT,0.00,0.01,4752,0
quant_smtcomp_intersection-example-simple.proof-node324063,UNSAT,0.00,0.01,4736,0
quant_smtcomp_intersection-example-simple.proof-node324175,UNSAT,0.00,0.01,4768,0
quant_smtcomp_intersection-example-simple.proof-node32436,UNSAT,0.00,0.01,4864,0
quant_smtcomp_intersection-example-simple.proof-node324668,UNSAT,0.00,0.01,4944,0
quant_smtcomp_intersection-example-simple.proof-node324872,UNSAT,0.00,0.01,4944,0
quant_smtcomp_intersection-example-simple.proof-node325086,UNSAT,0.00,0.01,4912,0
quant_smtcomp_intersection-example-simple.proof-node325198,UNSAT,0.00,0.01,4928,0
quant_smtcomp_intersection-example-simple.proof-node325529,UNSAT,0.00,0.01,4880,0
quant_smtcomp_intersection-example-simple.proof-node325865,UNSAT,0.00,0.01,4896,0
quant_smtcomp_intersection-example-simple.proof-node325977,UNSAT,0.00,0.01,4944,0
quant_smtcomp_intersection-example-simple.proof-node326318,UNSAT,0.00,0.01,4928,0
quant_smtcomp_intersection-example-simple.proof-node326522,UNSAT,0.00,0.01,4912,0
quant_smtcomp_intersection-example-simple.proof-node326736,UNSAT,0.00,0.01,4944,0
quant_smtcomp_intersection-example-simple.proof-node32675,UNSAT,0.00,0.01,4864,0
quant_smtcomp_intersection-example-simple.proof-node326848,UNSAT,0.00,0.01,4912,0
quant_smtcomp_intersection-example-simple.proof-node327281,UNSAT,0.00,0.01,4928,0
quant_smtcomp_intersection-example-simple.proof-node327495,UNSAT,0.00,0.01,4928,0
quant_smtcomp_intersection-example-simple.proof-node327607,UNSAT,0.00,0.01,4880,0
quant_smtcomp_intersection-example-simple.proof-node327973,UNSAT,0.00,0.01,4976,0
quant_smtcomp_intersection-example-simple.proof-node328177,UNSAT,0.00,0.01,4944,0
quant_smtcomp_intersection-example-simple.proof-node328391,UNSAT,0.00,0.01,4960,0
quant_smtcomp_intersection-example-simple.proof-node328503,UNSAT,0.00,0.01,4912,0
quant_smtcomp_intersection-example-simple.proof-node32879,UNSAT,0.00,0.01,4848,0
quant_smtcomp_intersection-example-simple.proof-node328944,UNSAT,0.00,0.01,4784,0
quant_smtcomp_intersection-example-simple.proof-node329148,UNSAT,0.00,0.01,4768,0
quant_smtcomp_intersection-example-simple.proof-node329357,UNSAT,0.00,0.01,4736,0
quant_smtcomp_intersection-example-simple.proof-node329469,UNSAT,0.00,0.01,4736,0
quant_smtcomp_intersection-example-simple.proof-node329806,UNSAT,0.00,0.01,4752,0
quant_smtcomp_intersection-example-simple.proof-node330119,UNSAT,0.00,0.01,4736,0
quant_smtcomp_intersection-example-simple.proof-node330231,UNSAT,0.00,0.01,4752,0
quant_smtcomp_intersection-example-simple.proof-node330578,UNSAT,0.00,0.01,4736,0
quant_smtcomp_intersection-example-simple.proof-node330782,UNSAT,0.00,0.01,4736,0
quant_smtcomp_intersection-example-simple.proof-node33093,UNSAT,0.00,0.01,4880,0
quant_smtcomp_intersection-example-simple.proof-node330991,UNSAT,0.00,0.01,4752,0
quant_smtcomp_intersection-example-simple.proof-node331103,UNSAT,0.00,0.01,4752,0
quant_smtcomp_intersection-example-simple.proof-node331512,UNSAT,0.00,0.01,4736,0
quant_smtcomp_intersection-example-simple.proof-node331721,UNSAT,0.00,0.01,4736,0
quant_smtcomp_intersection-example-simple.proof-node331833,UNSAT,0.00,0.01,4752,0
quant_smtcomp_intersection-example-simple.proof-node33205,UNSAT,0.00,0.01,4864,0
quant_smtcomp_intersection-example-simple.proof-node332188,UNSAT,0.00,0.01,4752,0
quant_smtcomp_intersection-example-simple.proof-node332300,UNSAT,0.00,0.01,4736,0
quant_smtcomp_intersection-example-simple.proof-node332504,UNSAT,0.00,0.01,4736,0
quant_smtcomp_intersection-example-simple.proof-node332713,UNSAT,0.00,0.01,4736,0
quant_smtcomp_intersection-example-simple.proof-node332855,UNSAT,0.00,0.01,4752,0
quant_smtcomp_intersection-example-simple.proof-node333181,UNSAT,0.00,0.01,4768,0
quant_smtcomp_intersection-example-simple.proof-node333293,UNSAT,0.00,0.01,4784,0
quant_smtcomp_intersection-example-simple.proof-node333497,UNSAT,0.00,0.01,4736,0
quant_smtcomp_intersection-example-simple.proof-node333706,UNSAT,0.00,0.01,4736,0
quant_smtcomp_intersection-example-simple.proof-node333818,UNSAT,0.00,0.01,4752,0
quant_smtcomp_intersection-example-simple.proof-node333930,UNSAT,0.00,0.01,4720,0
quant_smtcomp_intersection-example-simple.proof-node3342,UNSAT,0.00,0.01,4864,0
quant_smtcomp_intersection-example-simple.proof-node334307,UNSAT,0.00,0.01,4768,0
quant_smtcomp_intersection-example-simple.proof-node334511,UNSAT,0.00,0.01,4720,0
quant_smtcomp_intersection-example-simple.proof-node334720,UNSAT,0.00,0.01,4736,0
quant_smtcomp_intersection-example-simple.proof-node334832,UNSAT,0.00,0.01,4720,0
quant_smtcomp_intersection-example-simple.proof-node334944,UNSAT,0.00,0.01,4752,0
quant_smtcomp_intersection-example-simple.proof-node335178,UNSAT,0.00,0.01,4768,0
quant_smtcomp_intersection-example-simple.proof-node335290,UNSAT,0.00,0.01,4800,0
quant_smtcomp_intersection-example-simple.proof-node335494,UNSAT,0.00,0.01,4752,0
quant_smtcomp_intersection-example-simple.proof-node335756,UNSAT,0.00,0.01,4752,0
quant_smtcomp_intersection-example-simple.proof-node335868,UNSAT,0.00,0.01,4752,0
quant_smtcomp_intersection-example-simple.proof-node336420,UNSAT,0.00,0.01,4864,0
quant_smtcomp_intersection-example-simple.proof-node336624,UNSAT,0.00,0.01,4992,0
quant_smtcomp_intersection-example-simple.proof-node33663,UNSAT,0.00,0.01,4944,0
quant_smtcomp_intersection-example-simple.proof-node336838,UNSAT,0.00,0.01,4896,0
quant_smtcomp_intersection-example-simple.proof-node336950,UNSAT,0.00,0.01,4864,0
quant_smtcomp_intersection-example-simple.proof-node337408,UNSAT,0.00,0.01,4928,0
quant_smtcomp_intersection-example-simple.proof-node337612,UNSAT,0.00,0.01,4960,0
quant_smtcomp_intersection-example-simple.proof-node337826,UNSAT,0.00,0.01,4896,0
quant_smtcomp_intersection-example-simple.proof-node337938,UNSAT,0.00,0.01,4880,0
quant_smtcomp_intersection-example-simple.proof-node338177,UNSAT,0.00,0.01,4896,0
quant_smtcomp_intersection-example-simple.proof-node338381,UNSAT,0.00,0.01,4944,0
quant_smtcomp_intersection-example-simple.proof-node338607,UNSAT,0.00,0.01,4848,0
quant_smtcomp_intersection-example-simple.proof-node33867,UNSAT,0.00,0.01,4944,0
quant_smtcomp_intersection-example-simple.proof-node339076,UNSAT,0.00,0.01,4752,0
quant_smtcomp_intersection-example-simple.proof-node339280,UNSAT,0.00,0.01,4720,0
quant_smtcomp_intersection-example-simple.proof-node339494,UNSAT,0.00,0.01,4752,0
quant_smtcomp_intersection-example-simple.proof-node339606,UNSAT,0.00,0.01,4752,0
quant_smtcomp_intersection-example-simple.proof-node340131,UNSAT,0.00,0.01,4736,0
quant_smtcomp_intersection-example-simple.proof-node340345,UNSAT,0.00,0.01,4736,0
quant_smtcomp_intersection-example-simple.proof-node340457,UNSAT,0.00,0.01,4752,0
quant_smtcomp_intersection-example-simple.proof-node340793,UNSAT,0.00,0.01,4736,0
quant_smtcomp_intersection-example-simple.proof-node34081,UNSAT,0.00,0.01,4944,0
quant_smtcomp_intersection-example-simple.proof-node340997,UNSAT,0.00,0.01,4752,0
quant_smtcomp_intersection-example-simple.proof-node341211,UNSAT,0.00,0.01,4720,0
quant_smtcomp_intersection-example-simple.proof-node341323,UNSAT,0.00,0.01,4752,0
quant_smtcomp_intersection-example-simple.proof-node341725,UNSAT,0.00,0.01,4768,0
quant_smtcomp_intersection-example-simple.proof-node341929,UNSAT,0.00,0.01,4736,0
quant_smtcomp_intersection-example-simple.proof-node34193,UNSAT,0.00,0.01,4944,0
quant_smtcomp_intersection-example-simple.proof-node342143,UNSAT,0.00,0.01,4752,0
quant_smtcomp_intersection-example-simple.proof-node342255,UNSAT,0.00,0.01,4736,0
quant_smtcomp_intersection-example-simple.proof-node342586,UNSAT,0.00,0.01,4752,0
quant_smtcomp_intersection-example-simple.proof-node342994,UNSAT,0.00,0.01,4768,0
quant_smtcomp_intersection-example-simple.proof-node343106,UNSAT,0.00,0.01,4720,0
quant_smtcomp_intersection-example-simple.proof-node343442,UNSAT,0.00,0.01,4720,0
quant_smtcomp_intersection-example-simple.proof-node343646,UNSAT,0.00,0.01,4736,0
quant_smtcomp_intersection-example-simple.proof-node343860,UNSAT,0.00,0.01,4752,0
quant_smtcomp_intersection-example-simple.proof-node343972,UNSAT,0.00,0.01,4736,0
quant_smtcomp_intersection-example-simple.proof-node344405,UNSAT,0.00,0.01,4720,0
quant_smtcomp_intersection-example-simple.proof-node344619,UNSAT,0.00,0.01,4720,0
quant_smtcomp_intersection-example-simple.proof-node344731,UNSAT,0.00,0.01,4768,0
quant_smtcomp_intersection-example-simple.proof-node345166,UNSAT,0.00,0.01,4848,0
quant_smtcomp_intersection-example-simple.proof-node345278,UNSAT,0.00,0.01,4880,0
quant_smtcomp_intersection-example-simple.proof-node34534,UNSAT,0.00,0.01,4944,0
quant_smtcomp_intersection-example-simple.proof-node345482,UNSAT,0.00,0.01,4880,0
quant_smtcomp_intersection-example-simple.proof-node345732,UNSAT,0.00,0.01,4896,0
quant_smtcomp_intersection-example-simple.proof-node345844,UNSAT,0.00,0.01,4832,0
quant_smtcomp_intersection-example-simple.proof-node346170,UNSAT,0.00,0.01,4912,0
quant_smtcomp_intersection-example-simple.proof-node346282,UNSAT,0.00,0.01,4912,0
quant_smtcomp_intersection-example-simple.proof-node346486,UNSAT,0.00,0.01,4912,0
quant_smtcomp_intersection-example-simple.proof-node346695,UNSAT,0.00,0.01,4896,0
quant_smtcomp_intersection-example-simple.proof-node346807,UNSAT,0.00,0.01,4896,0
quant_smtcomp_intersection-example-simple.proof-node346919,UNSAT,0.00,0.01,4896,0
quant_smtcomp_intersection-example-simple.proof-node347291,UNSAT,0.00,0.01,4880,0
quant_smtcomp_intersection-example-simple.proof-node34738,UNSAT,0.00,0.01,4912,0
quant_smtcomp_intersection-example-simple.proof-node347403,UNSAT,0.00,0.01,4912,0
quant_smtcomp_intersection-example-simple.proof-node347607,UNSAT,0.00,0.01,4896,0
quant_smtcomp_intersection-example-simple.proof-node347816,UNSAT,0.00,0.01,4912,0
quant_smtcomp_intersection-example-simple.proof-node347928,UNSAT,0.00,0.01,4896,0
quant_smtcomp_intersection-example-simple.proof-node348040,UNSAT,0.00,0.01,4912,0
quant_smtcomp_intersection-example-simple.proof-node348711,UNSAT,0.00,0.01,4912,0
quant_smtcomp_intersection-example-simple.proof-node34878,UNSAT,0.00,0.01,4944,0
quant_smtcomp_intersection-example-simple.proof-node348925,UNSAT,0.00,0.01,4928,0
quant_smtcomp_intersection-example-simple.proof-node349037,UNSAT,0.00,0.01,4912,0
quant_smtcomp_intersection-example-simple.proof-node349276,UNSAT,0.00,0.01,4912,0
quant_smtcomp_intersection-example-simple.proof-node349480,UNSAT,0.00,0.01,4912,0
quant_smtcomp_intersection-example-simple.proof-node349694,UNSAT,0.00,0.01,4912,0
quant_smtcomp_intersection-example-simple.proof-node349806,UNSAT,0.00,0.01,4928,0
quant_smtcomp_intersection-example-simple.proof-node350275,UNSAT,0.00,0.01,4912,0
quant_smtcomp_intersection-example-simple.proof-node350479,UNSAT,0.00,0.01,4896,0
quant_smtcomp_intersection-example-simple.proof-node350693,UNSAT,0.00,0.01,4880,0
quant_smtcomp_intersection-example-simple.proof-node350805,UNSAT,0.00,0.01,4880,0
quant_smtcomp_intersection-example-simple.proof-node351044,UNSAT,0.00,0.01,4928,0
quant_smtcomp_intersection-example-simple.proof-node35117,UNSAT,0.00,0.01,4896,0
quant_smtcomp_intersection-example-simple.proof-node351248,UNSAT,0.00,0.01,4896,0
quant_smtcomp_intersection-example-simple.proof-node351492,UNSAT,0.00,0.01,4864,0
quant_smtcomp_intersection-example-simple.proof-node351731,UNSAT,0.00,0.01,4864,0
quant_smtcomp_intersection-example-simple.proof-node351935,UNSAT,0.00,0.01,4864,0
quant_smtcomp_intersection-example-simple.proof-node352149,UNSAT,0.00,0.01,4864,0
quant_smtcomp_intersection-example-simple.proof-node352261,UNSAT,0.00,0.01,4896,0
quant_smtcomp_intersection-example-simple.proof-node352719,UNSAT,0.00,0.01,4832,0
quant_smtcomp_intersection-example-simple.proof-node353037,UNSAT,0.00,0.01,4768,0
quant_smtcomp_intersection-example-simple.proof-node353149,UNSAT,0.00,0.01,4832,0
quant_smtcomp_intersection-example-simple.proof-node35321,UNSAT,0.00,0.01,4928,0
quant_smtcomp_intersection-example-simple.proof-node353388,UNSAT,0.00,0.01,4816,0
quant_smtcomp_intersection-example-simple.proof-node353592,UNSAT,0.00,0.01,4784,0
quant_smtcomp_intersection-example-simple.proof-node353806,UNSAT,0.00,0.01,4800,0
quant_smtcomp_intersection-example-simple.proof-node353918,UNSAT,0.00,0.01,4832,0
quant_smtcomp_intersection-example-simple.proof-node354249,UNSAT,0.00,0.01,4768,0
quant_smtcomp_intersection-example-simple.proof-node354585,UNSAT,0.00,0.01,4800,0
quant_smtcomp_intersection-example-simple.proof-node354789,UNSAT,0.00,0.01,4768,0
quant_smtcomp_intersection-example-simple.proof-node355003,UNSAT,0.00,0.01,4784,0
quant_smtcomp_intersection-example-simple.proof-node355115,UNSAT,0.00,0.01,4816,0
quant_smtcomp_intersection-example-simple.proof-node35535,UNSAT,0.00,0.01,4928,0
quant_smtcomp_intersection-example-simple.proof-node355354,UNSAT,0.00,0.01,4800,0
quant_smtcomp_intersection-example-simple.proof-node355558,UNSAT,0.00,0.01,4768,0
quant_smtcomp_intersection-example-simple.proof-node355802,UNSAT,0.00,0.01,4784,0
quant_smtcomp_intersection-example-simple.proof-node356041,UNSAT,0.00,0.01,4816,0
quant_smtcomp_intersection-example-simple.proof-node356245,UNSAT,0.00,0.01,4768,0
quant_smtcomp_intersection-example-simple.proof-node356459,UNSAT,0.00,0.01,4784,0
quant_smtcomp_intersection-example-simple.proof-node35647,UNSAT,0.00,0.01,4944,0
quant_smtcomp_intersection-example-simple.proof-node356571,UNSAT,0.00,0.01,4768,0
quant_smtcomp_intersection-example-simple.proof-node356932,UNSAT,0.00,0.01,4832,0
quant_smtcomp_intersection-example-simple.proof-node357340,UNSAT,0.00,0.01,4800,0
quant_smtcomp_intersection-example-simple.proof-node357452,UNSAT,0.00,0.01,4816,0
quant_smtcomp_intersection-example-simple.proof-node357691,UNSAT,0.00,0.01,4784,0
quant_smtcomp_intersection-example-simple.proof-node357895,UNSAT,0.00,0.01,4816,0
quant_smtcomp_intersection-example-simple.proof-node3581,UNSAT,0.00,0.01,4864,0
quant_smtcomp_intersection-example-simple.proof-node358109,UNSAT,0.00,0.01,4768,0
quant_smtcomp_intersection-example-simple.proof-node358221,UNSAT,0.00,0.01,4800,0
quant_smtcomp_intersection-example-simple.proof-node358552,UNSAT,0.00,0.03,4800,0
quant_smtcomp_intersection-example-simple.proof-node358888,UNSAT,0.00,0.02,4816,0
quant_smtcomp_intersection-example-simple.proof-node359092,UNSAT,0.00,0.02,4752,0
quant_smtcomp_intersection-example-simple.proof-node359306,UNSAT,0.00,0.02,4848,0
quant_smtcomp_intersection-example-simple.proof-node359418,UNSAT,0.00,0.01,4816,0
quant_smtcomp_intersection-example-simple.proof-node359657,UNSAT,0.00,0.01,4784,0
quant_smtcomp_intersection-example-simple.proof-node359861,UNSAT,0.00,0.01,4784,0
quant_smtcomp_intersection-example-simple.proof-node360105,UNSAT,0.00,0.01,4800,0
quant_smtcomp_intersection-example-simple.proof-node360344,UNSAT,0.00,0.01,4832,0
quant_smtcomp_intersection-example-simple.proof-node360548,UNSAT,0.00,0.01,4752,0
quant_smtcomp_intersection-example-simple.proof-node360762,UNSAT,0.00,0.01,4800,0
quant_smtcomp_intersection-example-simple.proof-node360874,UNSAT,0.00,0.01,4816,0
quant_smtcomp_intersection-example-simple.proof-node36088,UNSAT,0.00,0.01,4736,0
quant_smtcomp_intersection-example-simple.proof-node361299,UNSAT,0.00,0.01,4832,0
quant_smtcomp_intersection-example-simple.proof-node361630,UNSAT,0.00,0.01,4864,0
quant_smtcomp_intersection-example-simple.proof-node361742,UNSAT,0.00,0.01,4896,0
quant_smtcomp_intersection-example-simple.proof-node361987,UNSAT,0.00,0.01,4848,0
quant_smtcomp_intersection-example-simple.proof-node362191,UNSAT,0.00,0.01,4912,0
quant_smtcomp_intersection-example-simple.proof-node362400,UNSAT,0.00,0.01,4880,0
quant_smtcomp_intersection-example-simple.proof-node362512,UNSAT,0.00,0.01,4864,0
quant_smtcomp_intersection-example-simple.proof-node363025,UNSAT,0.00,0.01,4896,0
quant_smtcomp_intersection-example-simple.proof-node363234,UNSAT,0.00,0.01,4880,0
quant_smtcomp_intersection-example-simple.proof-node363346,UNSAT,0.00,0.01,4880,0
quant_smtcomp_intersection-example-simple.proof-node363688,UNSAT,0.00,0.01,4912,0
quant_smtcomp_intersection-example-simple.proof-node36389,UNSAT,0.00,0.01,4736,0
quant_smtcomp_intersection-example-simple.proof-node363892,UNSAT,0.00,0.01,4880,0
quant_smtcomp_intersection-example-simple.proof-node364101,UNSAT,0.00,0.01,4848,0
quant_smtcomp_intersection-example-simple.proof-node364213,UNSAT,0.00,0.01,4880,0
quant_smtcomp_intersection-example-simple.proof-node364488,UNSAT,0.00,0.01,4864,0
quant_smtcomp_intersection-example-simple.proof-node364692,UNSAT,0.00,0.01,4880,0
quant_smtcomp_intersection-example-simple.proof-node364901,UNSAT,0.00,0.01,4912,0
quant_smtcomp_intersection-example-simple.proof-node36501,UNSAT,0.00,0.01,4768,0
quant_smtcomp_intersection-example-simple.proof-node365013,UNSAT,0.00,0.01,4880,0
quant_smtcomp_intersection-example-simple.proof-node365363,UNSAT,0.00,0.01,4912,0
quant_smtcomp_intersection-example-simple.proof-node365475,UNSAT,0.00,0.01,4912,0
quant_smtcomp_intersection-example-simple.proof-node365878,UNSAT,0.00,0.01,4880,0
quant_smtcomp_intersection-example-simple.proof-node365990,UNSAT,0.00,0.01,4880,0
quant_smtcomp_intersection-example-simple.proof-node366102,UNSAT,0.00,0.01,4896,0
quant_smtcomp_intersection-example-simple.proof-node366336,UNSAT,0.00,0.01,4896,0
quant_smtcomp_intersection-example-simple.proof-node366448,UNSAT,0.00,0.01,4896,0
quant_smtcomp_intersection-example-simple.proof-node366652,UNSAT,0.00,0.01,4912,0
quant_smtcomp_intersection-example-simple.proof-node366861,UNSAT,0.00,0.01,4928,0
quant_smtcomp_intersection-example-simple.proof-node366973,UNSAT,0.00,0.01,4864,0
quant_smtcomp_intersection-example-simple.proof-node367085,UNSAT,0.00,0.01,4912,0
quant_smtcomp_intersection-example-simple.proof-node367444,UNSAT,0.00,0.01,4928,0
quant_smtcomp_intersection-example-simple.proof-node367556,UNSAT,0.00,0.01,4928,0
quant_smtcomp_intersection-example-simple.proof-node367760,UNSAT,0.00,0.01,4880,0
quant_smtcomp_intersection-example-simple.proof-node367969,UNSAT,0.00,0.01,4848,0
quant_smtcomp_intersection-example-simple.proof-node368081,UNSAT,0.00,0.01,4880,0
quant_smtcomp_intersection-example-simple.proof-node368193,UNSAT,0.00,0.01,4848,0
quant_smtcomp_intersection-example-simple.proof-node36838,UNSAT,0.00,0.01,4720,0
quant_smtcomp_intersection-example-simple.proof-node368427,UNSAT,0.00,0.01,4896,0
quant_smtcomp_intersection-example-simple.proof-node368539,UNSAT,0.00,0.01,4960,0
quant_smtcomp_intersection-example-simple.proof-node368776,UNSAT,0.00,0.01,4896,0
quant_smtcomp_intersection-example-simple.proof-node368888,UNSAT,0.00,0.01,4864,0
quant_smtcomp_intersection-example-simple.proof-node369000,UNSAT,0.00,0.01,4848,0
quant_smtcomp_intersection-example-simple.proof-node369234,UNSAT,0.00,0.01,4896,0
quant_smtcomp_intersection-example-simple.proof-node369346,UNSAT,0.00,0.01,4912,0
quant_smtcomp_intersection-example-simple.proof-node369550,UNSAT,0.00,0.01,4864,0
quant_smtcomp_intersection-example-simple.proof-node369759,UNSAT,0.00,0.01,4864,0
quant_smtcomp_intersection-example-simple.proof-node369871,UNSAT,0.00,0.01,4864,0
quant_smtcomp_intersection-example-simple.proof-node369983,UNSAT,0.00,0.01,4880,0
quant_smtcomp_intersection-example-simple.proof-node37042,UNSAT,0.00,0.01,4512,0
quant_smtcomp_intersection-example-simple.proof-node370488,UNSAT,0.00,0.01,4960,0
quant_smtcomp_intersection-example-simple.proof-node370692,UNSAT,0.00,0.01,4960,0
quant_smtcomp_intersection-example-simple.proof-node370906,UNSAT,0.00,0.01,4944,0
quant_smtcomp_intersection-example-simple.proof-node371018,UNSAT,0.00,0.01,4864,0
quant_smtcomp_intersection-example-simple.proof-node371257,UNSAT,0.00,0.01,4928,0
quant_smtcomp_intersection-example-simple.proof-node371665,UNSAT,0.00,0.01,4928,0
quant_smtcomp_intersection-example-simple.proof-node371777,UNSAT,0.00,0.01,4928,0
quant_smtcomp_intersection-example-simple.proof-node372108,UNSAT,0.00,0.01,4928,0
quant_smtcomp_intersection-example-simple.proof-node372312,UNSAT,0.00,0.01,4976,0
quant_smtcomp_intersection-example-simple.proof-node37251,UNSAT,0.00,0.01,4544,0
quant_smtcomp_intersection-example-simple.proof-node372526,UNSAT,0.00,0.01,4944,0
quant_smtcomp_intersection-example-simple.proof-node372638,UNSAT,0.00,0.01,4960,0
quant_smtcomp_intersection-example-simple.proof-node373096,UNSAT,0.00,0.01,4944,0
quant_smtcomp_intersection-example-simple.proof-node373310,UNSAT,0.00,0.01,4928,0
quant_smtcomp_intersection-example-simple.proof-node373422,UNSAT,0.00,0.01,4912,0
quant_smtcomp_intersection-example-simple.proof-node37363,UNSAT,0.00,0.01,4720,0
quant_smtcomp_intersection-example-simple.proof-node373661,UNSAT,0.00,0.01,4960,0
quant_smtcomp_intersection-example-simple.proof-node373865,UNSAT,0.00,0.01,4944,0
quant_smtcomp_intersection-example-simple.proof-node374079,UNSAT,0.00,0.01,4992,0
quant_smtcomp_intersection-example-simple.proof-node374191,UNSAT,0.00,0.01,4928,0
quant_smtcomp_intersection-example-simple.proof-node374522,UNSAT,0.00,0.01,4944,0
quant_smtcomp_intersection-example-simple.proof-node374736,UNSAT,0.00,0.01,4944,0
quant_smtcomp_intersection-example-simple.proof-node374848,UNSAT,0.00,0.01,4896,0
quant_smtcomp_intersection-example-simple.proof-node375306,UNSAT,0.00,0.01,4768,0
quant_smtcomp_intersection-example-simple.proof-node375510,UNSAT,0.00,0.01,4768,0
quant_smtcomp_intersection-example-simple.proof-node375724,UNSAT,0.00,0.01,4736,0
quant_smtcomp_intersection-example-simple.proof-node376004,UNSAT,0.00,0.01,4736,0
quant_smtcomp_intersection-example-simple.proof-node376208,UNSAT,0.00,0.01,4752,0
quant_smtcomp_intersection-example-simple.proof-node376422,UNSAT,0.00,0.01,4736,0
quant_smtcomp_intersection-example-simple.proof-node376534,UNSAT,0.00,0.01,4768,0
quant_smtcomp_intersection-example-simple.proof-node376865,UNSAT,0.00,0.01,4720,0
quant_smtcomp_intersection-example-simple.proof-node377069,UNSAT,0.00,0.01,4752,0
quant_smtcomp_intersection-example-simple.proof-node377313,UNSAT,0.00,0.01,4736,0
quant_smtcomp_intersection-example-simple.proof-node377649,UNSAT,0.00,0.01,4752,0
quant_smtcomp_intersection-example-simple.proof-node377853,UNSAT,0.00,0.01,4720,0
quant_smtcomp_intersection-example-simple.proof-node37796,UNSAT,0.00,0.01,4512,0
quant_smtcomp_intersection-example-simple.proof-node378067,UNSAT,0.00,0.01,4752,0
quant_smtcomp_intersection-example-simple.proof-node378179,UNSAT,0.00,0.01,4752,0
quant_smtcomp_intersection-example-simple.proof-node378418,UNSAT,0.00,0.01,4736,0
quant_smtcomp_intersection-example-simple.proof-node3785,UNSAT,0.00,0.01,4880,0
quant_smtcomp_intersection-example-simple.proof-node378622,UNSAT,0.00,0.01,4736,0
quant_smtcomp_intersection-example-simple.proof-node378751,UNSAT,0.00,0.01,4752,0
quant_smtcomp_intersection-example-simple.proof-node378990,UNSAT,0.00,0.01,4768,0
quant_smtcomp_intersection-example-simple.proof-node379194,UNSAT,0.00,0.01,4736,0
quant_smtcomp_intersection-example-simple.proof-node379408,UNSAT,0.00,0.01,4736,0
quant_smtcomp_intersection-example-simple.proof-node379520,UNSAT,0.00,0.01,4736,0
quant_smtcomp_intersection-example-simple.proof-node379881,UNSAT,0.00,0.01,4752,0
quant_smtcomp_intersection-example-simple.proof-node38005,UNSAT,0.00,0.01,4480,0
quant_smtcomp_intersection-example-simple.proof-node380289,UNSAT,0.00,0.01,4736,0
quant_smtcomp_intersection-example-simple.proof-node380401,UNSAT,0.00,0.01,4768,0
quant_smtcomp_intersection-example-simple.proof-node380640,UNSAT,0.00,0.01,4768,0
quant_smtcomp_intersection-example-simple.proof-node380844,UNSAT,0.00,0.01,4752,0
quant_smtcomp_intersection-example-simple.proof-node381058,UNSAT,0.00,0.01,4752,0
quant_smtcomp_intersection-example-simple.proof-node38117,UNSAT,0.00,0.01,4736,0
quant_smtcomp_intersection-example-simple.proof-node381170,UNSAT,0.00,0.01,4704,0
quant_smtcomp_intersection-example-simple.proof-node381501,UNSAT,0.00,0.01,4752,0
quant_smtcomp_intersection-example-simple.proof-node381837,UNSAT,0.00,0.01,4768,0
quant_smtcomp_intersection-example-simple.proof-node382041,UNSAT,0.00,0.01,4768,0
quant_smtcomp_intersection-example-simple.proof-node382255,UNSAT,0.00,0.01,4752,0
quant_smtcomp_intersection-example-simple.proof-node382367,UNSAT,0.00,0.01,4736,0
quant_smtcomp_intersection-example-simple.proof-node382606,UNSAT,0.00,0.01,4752,0
quant_smtcomp_intersection-example-simple.proof-node382810,UNSAT,0.00,0.01,4752,0
quant_smtcomp_intersection-example-simple.proof-node383054,UNSAT,0.00,0.01,4704,0
quant_smtcomp_intersection-example-simple.proof-node383293,UNSAT,0.00,0.01,4720,0
quant_smtcomp_intersection-example-simple.proof-node383497,UNSAT,0.00,0.01,4736,0
quant_smtcomp_intersection-example-simple.proof-node38362,UNSAT,0.00,0.01,4752,0
quant_smtcomp_intersection-example-simple.proof-node383711,UNSAT,0.00,0.01,4720,0
quant_smtcomp_intersection-example-simple.proof-node383823,UNSAT,0.00,0.01,4752,0
quant_smtcomp_intersection-example-simple.proof-node384248,UNSAT,0.00,0.01,4896,0
quant_smtcomp_intersection-example-simple.proof-node384579,UNSAT,0.00,0.01,4864,0
quant_smtcomp_intersection-example-simple.proof-node384691,UNSAT,0.00,0.01,4928,0
quant_smtcomp_intersection-example-simple.proof-node384936,UNSAT,0.00,0.01,4896,0
quant_smtcomp_intersection-example-simple.proof-node385140,UNSAT,0.00,0.01,4912,0
quant_smtcomp_intersection-example-simple.proof-node385349,UNSAT,0.00,0.01,4848,0
quant_smtcomp_intersection-example-simple.proof-node385461,UNSAT,0.00,0.01,4896,0
quant_smtcomp_intersection-example-simple.proof-node38566,UNSAT,0.00,0.01,4752,0
quant_smtcomp_intersection-example-simple.proof-node385974,UNSAT,0.00,0.01,4960,0
quant_smtcomp_intersection-example-simple.proof-node386183,UNSAT,0.00,0.01,4880,0
quant_smtcomp_intersection-example-simple.proof-node386295,UNSAT,0.00,0.01,4848,0
quant_smtcomp_intersection-example-simple.proof-node386637,UNSAT,0.00,0.01,4864,0
quant_smtcomp_intersection-example-simple.proof-node386841,UNSAT,0.00,0.01,4880,0
quant_smtcomp_intersection-example-simple.proof-node387050,UNSAT,0.00,0.01,4832,0
quant_smtcomp_intersection-example-simple.proof-node387162,UNSAT,0.00,0.01,4912,0
quant_smtcomp_intersection-example-simple.proof-node387437,UNSAT,0.00,0.01,4880,0
quant_smtcomp_intersection-example-simple.proof-node387641,UNSAT,0.00,0.01,4912,0
quant_smtcomp_intersection-example-simple.proof-node38775,UNSAT,0.00,0.01,4736,0
quant_smtcomp_intersection-example-simple.proof-node387850,UNSAT,0.00,0.01,4912,0
quant_smtcomp_intersection-example-simple.proof-node387962,UNSAT,0.00,0.01,4912,0
quant_smtcomp_intersection-example-simple.proof-node388312,UNSAT,0.00,0.01,4912,0
quant_smtcomp_intersection-example-simple.proof-node388424,UNSAT,0.00,0.01,4928,0
quant_smtcomp_intersection-example-simple.proof-node388827,UNSAT,0.00,0.01,4880,0
quant_smtcomp_intersection-example-simple.proof-node38887,UNSAT,0.00,0.01,4768,0
quant_smtcomp_intersection-example-simple.proof-node388939,UNSAT,0.00,0.01,4880,0
quant_smtcomp_intersection-example-simple.proof-node389051,UNSAT,0.00,0.01,4864,0
quant_smtcomp_intersection-example-simple.proof-node389285,UNSAT,0.00,0.01,4880,0
quant_smtcomp_intersection-example-simple.proof-node389397,UNSAT,0.00,0.01,4912,0
quant_smtcomp_intersection-example-simple.proof-node389601,UNSAT,0.00,0.01,4880,0
quant_smtcomp_intersection-example-simple.proof-node389810,UNSAT,0.00,0.01,4896,0
quant_smtcomp_intersection-example-simple.proof-node389922,UNSAT,0.00,0.01,4944,0
quant_smtcomp_intersection-example-simple.proof-node390034,UNSAT,0.00,0.01,4912,0
quant_smtcomp_intersection-example-simple.proof-node390393,UNSAT,0.00,0.01,4896,0
quant_smtcomp_intersection-example-simple.proof-node390505,UNSAT,0.00,0.01,4928,0
quant_smtcomp_intersection-example-simple.proof-node390709,UNSAT,0.00,0.01,4864,0
quant_smtcomp_intersection-example-simple.proof-node390918,UNSAT,0.00,0.01,4864,0
quant_smtcomp_intersection-example-simple.proof-node391030,UNSAT,0.00,0.01,4896,0
quant_smtcomp_intersection-example-simple.proof-node391142,UNSAT,0.00,0.01,4864,0
quant_smtcomp_intersection-example-simple.proof-node391376,UNSAT,0.00,0.01,4896,0
quant_smtcomp_intersection-example-simple.proof-node391488,UNSAT,0.00,0.01,4912,0
quant_smtcomp_intersection-example-simple.proof-node391725,UNSAT,0.00,0.01,4880,0
quant_smtcomp_intersection-example-simple.proof-node391837,UNSAT,0.00,0.01,4928,0
quant_smtcomp_intersection-example-simple.proof-node391949,UNSAT,0.00,0.01,4848,0
quant_smtcomp_intersection-example-simple.proof-node392183,UNSAT,0.00,0.01,4864,0
quant_smtcomp_intersection-example-simple.proof-node392295,UNSAT,0.00,0.01,4912,0
quant_smtcomp_intersection-example-simple.proof-node392499,UNSAT,0.00,0.01,4896,0
quant_smtcomp_intersection-example-simple.proof-node392708,UNSAT,0.00,0.01,4896,0
quant_smtcomp_intersection-example-simple.proof-node392820,UNSAT,0.00,0.01,4864,0
quant_smtcomp_intersection-example-simple.proof-node392932,UNSAT,0.00,0.01,4896,0
quant_smtcomp_intersection-example-simple.proof-node39323,UNSAT,0.00,0.01,4736,0
quant_smtcomp_intersection-example-simple.proof-node393253,UNSAT,0.00,0.01,4736,0
quant_smtcomp_intersection-example-simple.proof-node393353,UNSAT,0.00,0.01,4736,0
quant_smtcomp_intersection-example-simple.proof-node393592,UNSAT,0.00,0.01,4736,0
quant_smtcomp_intersection-example-simple.proof-node393796,UNSAT,0.00,0.01,4768,0
quant_smtcomp_intersection-example-simple.proof-node394010,UNSAT,0.00,0.01,4752,0
quant_smtcomp_intersection-example-simple.proof-node394122,UNSAT,0.00,0.01,4768,0
quant_smtcomp_intersection-example-simple.proof-node394308,UNSAT,0.00,0.01,4544,0
quant_smtcomp_intersection-example-simple.proof-node394318,UNSAT,0.00,0.01,4912,0
quant_smtcomp_intersection-example-simple.proof-node39435,UNSAT,0.00,0.01,4736,0
quant_smtcomp_intersection-example-simple.proof-node394457,UNSAT,0.00,0.01,4736,0
quant_smtcomp_intersection-example-simple.proof-node394557,UNSAT,0.00,0.01,4720,0
quant_smtcomp_intersection-example-simple.proof-node394882,UNSAT,0.00,0.01,4896,0
quant_smtcomp_intersection-example-simple.proof-node395086,UNSAT,0.00,0.01,4864,0
quant_smtcomp_intersection-example-simple.proof-node395300,UNSAT,0.00,0.01,4864,0
quant_smtcomp_intersection-example-simple.proof-node395412,UNSAT,0.00,0.01,4864,0
quant_smtcomp_intersection-example-simple.proof-node395743,UNSAT,0.00,0.01,4864,0
quant_smtcomp_intersection-example-simple.proof-node396133,UNSAT,0.00,0.01,4848,0
quant_smtcomp_intersection-example-simple.proof-node39639,UNSAT,0.00,0.01,4528,0
quant_smtcomp_intersection-example-simple.proof-node396474,UNSAT,0.00,0.01,4896,0
quant_smtcomp_intersection-example-simple.proof-node397004,UNSAT,0.00,0.01,4864,0
quant_smtcomp_intersection-example-simple.proof-node397437,UNSAT,0.00,0.01,4848,0
quant_smtcomp_intersection-example-simple.proof-node397651,UNSAT,0.00,0.01,4848,0
quant_smtcomp_intersection-example-simple.proof-node397763,UNSAT,0.00,0.01,4896,0
quant_smtcomp_intersection-example-simple.proof-node397977,UNSAT,0.00,0.01,4880,0
quant_smtcomp_intersection-example-simple.proof-node398089,UNSAT,0.00,0.01,4848,0
quant_smtcomp_intersection-example-simple.proof-node398189,UNSAT,0.00,0.01,4848,0
quant_smtcomp_intersection-example-simple.proof-node398199,UNSAT,0.00,0.01,4752,0
quant_smtcomp_intersection-example-simple.proof-node398432,UNSAT,0.00,0.01,4720,0
quant_smtcomp_intersection-example-simple.proof-node39848,UNSAT,0.00,0.01,4512,0
quant_smtcomp_intersection-example-simple.proof-node398636,UNSAT,0.00,0.01,4736,0
quant_smtcomp_intersection-example-simple.proof-node398765,UNSAT,0.00,0.01,4736,0
quant_smtcomp_intersection-example-simple.proof-node398865,UNSAT,0.00,0.01,4720,0
quant_smtcomp_intersection-example-simple.proof-node399155,UNSAT,0.00,0.01,4752,0
quant_smtcomp_intersection-example-simple.proof-node399359,UNSAT,0.00,0.01,4752,0
quant_smtcomp_intersection-example-simple.proof-node399573,UNSAT,0.00,0.01,4736,0
quant_smtcomp_intersection-example-simple.proof-node39960,UNSAT,0.00,0.01,4496,0
quant_smtcomp_intersection-example-simple.proof-node399685,UNSAT,0.00,0.01,4736,0
quant_smtcomp_intersection-example-simple.proof-node399871,UNSAT,0.00,0.01,4480,0
quant_smtcomp_intersection-example-simple.proof-node3999,UNSAT,0.00,0.01,4864,0
quant_smtcomp_intersection-example-simple.proof-node399983,UNSAT,0.00,0.01,4912,0
quant_smtcomp_intersection-example-simple.proof-node400312,UNSAT,0.00,0.01,4960,0
quant_smtcomp_intersection-example-simple.proof-node400516,UNSAT,0.00,0.01,4928,0
quant_smtcomp_intersection-example-simple.proof-node40072,UNSAT,0.00,0.01,4768,0
quant_smtcomp_intersection-example-simple.proof-node400730,UNSAT,0.00,0.01,4928,0
quant_smtcomp_intersection-example-simple.proof-node400842,UNSAT,0.00,0.01,4992,0
quant_smtcomp_intersection-example-simple.proof-node401028,UNSAT,0.00,0.01,4928,0
quant_smtcomp_intersection-example-simple.proof-node401140,UNSAT,0.00,0.01,4752,0
quant_smtcomp_intersection-example-simple.proof-node401258,UNSAT,0.00,0.01,4736,0
quant_smtcomp_intersection-example-simple.proof-node401605,UNSAT,0.00,0.01,4752,0
quant_smtcomp_intersection-example-simple.proof-node401809,UNSAT,0.00,0.01,4768,0
quant_smtcomp_intersection-example-simple.proof-node402018,UNSAT,0.00,0.01,4768,0
quant_smtcomp_intersection-example-simple.proof-node402130,UNSAT,0.00,0.01,4784,0
quant_smtcomp_intersection-example-simple.proof-node402242,UNSAT,0.00,0.01,4768,0
quant_smtcomp_intersection-example-simple.proof-node402313,UNSAT,0.00,0.01,4752,0
quant_smtcomp_intersection-example-simple.proof-node402372,UNSAT,0.00,0.01,4768,0
quant_smtcomp_intersection-example-simple.proof-node402472,UNSAT,0.00,0.01,4944,0
quant_smtcomp_intersection-example-simple.proof-node402681,UNSAT,0.00,0.01,4848,0
quant_smtcomp_intersection-example-simple.proof-node402885,UNSAT,0.00,0.01,4928,0
quant_smtcomp_intersection-example-simple.proof-node403043,UNSAT,0.00,0.01,4864,0
quant_smtcomp_intersection-example-simple.proof-node403153,UNSAT,0.00,0.01,4736,0
quant_smtcomp_intersection-example-simple.proof-node403163,UNSAT,0.00,0.01,4752,0
quant_smtcomp_intersection-example-simple.proof-node403349,UNSAT,0.00,0.01,4496,0
quant_smtcomp_intersection-example-simple.proof-node403377,UNSAT,0.00,0.01,4880,0
quant_smtcomp_intersection-example-simple.proof-node403505,UNSAT,0.00,0.01,4848,0
quant_smtcomp_intersection-example-simple.proof-node403702,UNSAT,0.00,0.01,4848,0
quant_smtcomp_intersection-example-simple.proof-node40408,UNSAT,0.00,0.01,4736,0
quant_smtcomp_intersection-example-simple.proof-node404196,UNSAT,0.00,0.01,4784,0
quant_smtcomp_intersection-example-simple.proof-node404667,UNSAT,0.00,0.01,4800,0
quant_smtcomp_intersection-example-simple.proof-node404759,UNSAT,0.00,0.01,4832,0
quant_smtcomp_intersection-example-simple.proof-node404963,UNSAT,0.00,0.01,4768,0
quant_smtcomp_intersection-example-simple.proof-node405177,UNSAT,0.00,0.01,4800,0
quant_smtcomp_intersection-example-simple.proof-node405289,UNSAT,0.00,0.01,4768,0
quant_smtcomp_intersection-example-simple.proof-node405371,UNSAT,0.00,0.01,4800,0
quant_smtcomp_intersection-example-simple.proof-node405453,UNSAT,0.00,0.01,4896,0
quant_smtcomp_intersection-example-simple.proof-node405481,UNSAT,0.00,0.01,4832,0
quant_smtcomp_intersection-example-simple.proof-node405696,UNSAT,0.00,0.01,4880,0
quant_smtcomp_intersection-example-simple.proof-node406063,UNSAT,0.00,0.01,4864,0
quant_smtcomp_intersection-example-simple.proof-node406073,UNSAT,0.00,0.01,4880,0
quant_smtcomp_intersection-example-simple.proof-node406371,UNSAT,0.00,0.01,4928,0
quant_smtcomp_intersection-example-simple.proof-node406483,UNSAT,0.00,0.01,4896,0
quant_smtcomp_intersection-example-simple.proof-node40653,UNSAT,0.00,0.01,4480,0
quant_smtcomp_intersection-example-simple.proof-node407120,UNSAT,0.00,0.01,4880,0
quant_smtcomp_intersection-example-simple.proof-node407736,UNSAT,0.00,0.01,4912,0
quant_smtcomp_intersection-example-simple.proof-node407940,UNSAT,0.00,0.01,4928,0
quant_smtcomp_intersection-example-simple.proof-node408154,UNSAT,0.00,0.01,4912,0
quant_smtcomp_intersection-example-simple.proof-node408266,UNSAT,0.00,0.01,4928,0
quant_smtcomp_intersection-example-simple.proof-node408597,UNSAT,0.00,0.01,4912,0
quant_smtcomp_intersection-example-simple.proof-node40862,UNSAT,0.00,0.01,4480,0
quant_smtcomp_intersection-example-simple.proof-node408951,UNSAT,0.00,0.01,4912,0
quant_smtcomp_intersection-example-simple.proof-node409292,UNSAT,0.00,0.01,4880,0
quant_smtcomp_intersection-example-simple.proof-node40974,UNSAT,0.00,0.01,4512,0
quant_smtcomp_intersection-example-simple.proof-node409822,UNSAT,0.00,0.01,4864,0
quant_smtcomp_intersection-example-simple.proof-node410255,UNSAT,0.00,0.01,4912,0
quant_smtcomp_intersection-example-simple.proof-node410469,UNSAT,0.00,0.01,4864,0
quant_smtcomp_intersection-example-simple.proof-node410581,UNSAT,0.00,0.01,4880,0
quant_smtcomp_intersection-example-simple.proof-node41086,UNSAT,0.00,0.01,4752,0
quant_smtcomp_intersection-example-simple.proof-node411044,UNSAT,0.00,0.01,4736,0
quant_smtcomp_intersection-example-simple.proof-node4111,UNSAT,0.00,0.01,4928,0
quant_smtcomp_intersection-example-simple.proof-node411248,UNSAT,0.00,0.01,4736,0
quant_smtcomp_intersection-example-simple.proof-node411462,UNSAT,0.00,0.01,4736,0
quant_smtcomp_intersection-example-simple.proof-node411823,UNSAT,0.00,0.01,4736,0
quant_smtcomp_intersection-example-simple.proof-node412353,UNSAT,0.00,0.01,4768,0
quant_smtcomp_intersection-example-simple.proof-node412694,UNSAT,0.00,0.01,4752,0
quant_smtcomp_intersection-example-simple.proof-node413038,UNSAT,0.00,0.01,4768,0
quant_smtcomp_intersection-example-simple.proof-node41320,UNSAT,0.00,0.01,4752,0
quant_smtcomp_intersection-example-simple.proof-node413277,UNSAT,0.00,0.01,4720,0
quant_smtcomp_intersection-example-simple.proof-node413481,UNSAT,0.00,0.01,4720,0
quant_smtcomp_intersection-example-simple.proof-node413695,UNSAT,0.00,0.01,4736,0
quant_smtcomp_intersection-example-simple.proof-node413807,UNSAT,0.00,0.01,4768,0
quant_smtcomp_intersection-example-simple.proof-node414173,UNSAT,0.00,0.01,4768,0
quant_smtcomp_intersection-example-simple.proof-node41432,UNSAT,0.00,0.01,4752,0
quant_smtcomp_intersection-example-simple.proof-node414563,UNSAT,0.00,0.01,4720,0
quant_smtcomp_intersection-example-simple.proof-node414675,UNSAT,0.00,0.01,4752,0
quant_smtcomp_intersection-example-simple.proof-node415006,UNSAT,0.00,0.01,4736,0
quant_smtcomp_intersection-example-simple.proof-node415210,UNSAT,0.00,0.01,4480,0
quant_smtcomp_intersection-example-simple.proof-node415424,UNSAT,0.00,0.01,4496,0
quant_smtcomp_intersection-example-simple.proof-node415536,UNSAT,0.00,0.01,4736,0
quant_smtcomp_intersection-example-simple.proof-node415981,UNSAT,0.00,0.01,4496,0
quant_smtcomp_intersection-example-simple.proof-node416195,UNSAT,0.00,0.01,4528,0
quant_smtcomp_intersection-example-simple.proof-node416307,UNSAT,0.00,0.01,4768,0
quant_smtcomp_intersection-example-simple.proof-node41636,UNSAT,0.00,0.01,4752,0
quant_smtcomp_intersection-example-simple.proof-node416546,UNSAT,0.00,0.01,4736,0
quant_smtcomp_intersection-example-simple.proof-node416750,UNSAT,0.00,0.01,4752,0
quant_smtcomp_intersection-example-simple.proof-node416964,UNSAT,0.00,0.01,4736,0
quant_smtcomp_intersection-example-simple.proof-node417076,UNSAT,0.00,0.01,4768,0
quant_smtcomp_intersection-example-simple.proof-node417770,UNSAT,0.00,0.01,4736,0
quant_smtcomp_intersection-example-simple.proof-node417974,UNSAT,0.00,0.01,4768,0
quant_smtcomp_intersection-example-simple.proof-node418188,UNSAT,0.00,0.01,4768,0
quant_smtcomp_intersection-example-simple.proof-node418300,UNSAT,0.00,0.01,4736,0
quant_smtcomp_intersection-example-simple.proof-node41845,UNSAT,0.00,0.01,4720,0
quant_smtcomp_intersection-example-simple.proof-node418631,UNSAT,0.00,0.01,4752,0
quant_smtcomp_intersection-example-simple.proof-node418972,UNSAT,0.00,0.01,4736,0
quant_smtcomp_intersection-example-simple.proof-node419502,UNSAT,0.00,0.01,4752,0
quant_smtcomp_intersection-example-simple.proof-node419741,UNSAT,0.00,0.01,4768,0
quant_smtcomp_intersection-example-simple.proof-node419945,UNSAT,0.00,0.01,4752,0
quant_smtcomp_intersection-example-simple.proof-node42010,UNSAT,0.00,0.01,4768,0
quant_smtcomp_intersection-example-simple.proof-node420171,UNSAT,0.00,0.01,4736,0
quant_smtcomp_intersection-example-simple.proof-node420634,UNSAT,0.00,0.01,4912,0
quant_smtcomp_intersection-example-simple.proof-node420838,UNSAT,0.00,0.01,4880,0
quant_smtcomp_intersection-example-simple.proof-node421052,UNSAT,0.00,0.01,4880,0
quant_smtcomp_intersection-example-simple.proof-node421164,UNSAT,0.00,0.01,4864,0
quant_smtcomp_intersection-example-simple.proof-node421495,UNSAT,0.00,0.01,4896,0
quant_smtcomp_intersection-example-simple.proof-node421836,UNSAT,0.00,0.01,4896,0
quant_smtcomp_intersection-example-simple.proof-node422366,UNSAT,0.00,0.01,4848,0
quant_smtcomp_intersection-example-simple.proof-node422605,UNSAT,0.00,0.01,4848,0
quant_smtcomp_intersection-example-simple.proof-node422809,UNSAT,0.00,0.01,4848,0
quant_smtcomp_intersection-example-simple.proof-node423035,UNSAT,0.00,0.01,4816,0
quant_smtcomp_intersection-example-simple.proof-node423401,UNSAT,0.00,0.01,4896,0
quant_smtcomp_intersection-example-simple.proof-node423605,UNSAT,0.00,0.01,4848,0
quant_smtcomp_intersection-example-simple.proof-node423819,UNSAT,0.00,0.01,4896,0
quant_smtcomp_intersection-example-simple.proof-node423931,UNSAT,0.00,0.01,4864,0
quant_smtcomp_intersection-example-simple.proof-node424262,UNSAT,0.00,0.01,4896,0
quant_smtcomp_intersection-example-simple.proof-node424568,UNSAT,0.00,0.01,4912,0
quant_smtcomp_intersection-example-simple.proof-node424680,UNSAT,0.00,0.01,4864,0
quant_smtcomp_intersection-example-simple.proof-node425021,UNSAT,0.00,0.01,4912,0
quant_smtcomp_intersection-example-simple.proof-node425225,UNSAT,0.00,0.01,4880,0
quant_smtcomp_intersection-example-simple.proof-node425439,UNSAT,0.00,0.01,4880,0
quant_smtcomp_intersection-example-simple.proof-node425551,UNSAT,0.00,0.01,4864,0
quant_smtcomp_intersection-example-simple.proof-node42562,UNSAT,0.00,0.01,4880,0
quant_smtcomp_intersection-example-simple.proof-node425984,UNSAT,0.00,0.01,4880,0
quant_smtcomp_intersection-example-simple.proof-node426198,UNSAT,0.00,0.01,4848,0
quant_smtcomp_intersection-example-simple.proof-node426310,UNSAT,0.00,0.01,4864,0
quant_smtcomp_intersection-example-simple.proof-node426746,UNSAT,0.00,0.01,4736,0
quant_smtcomp_intersection-example-simple.proof-node426950,UNSAT,0.00,0.01,4784,0
quant_smtcomp_intersection-example-simple.proof-node427159,UNSAT,0.00,0.01,4720,0
quant_smtcomp_intersection-example-simple.proof-node427526,UNSAT,0.00,0.01,4752,0
quant_smtcomp_intersection-example-simple.proof-node42766,UNSAT,0.00,0.01,4880,0
quant_smtcomp_intersection-example-simple.proof-node428051,UNSAT,0.00,0.01,4752,0
quant_smtcomp_intersection-example-simple.proof-node428398,UNSAT,0.00,0.01,4720,0
quant_smtcomp_intersection-example-simple.proof-node428847,UNSAT,0.00,0.01,4752,0
quant_smtcomp_intersection-example-simple.proof-node429051,UNSAT,0.00,0.01,4720,0
quant_smtcomp_intersection-example-simple.proof-node429260,UNSAT,0.00,0.01,4720,0
quant_smtcomp_intersection-example-simple.proof-node429372,UNSAT,0.00,0.01,4736,0
quant_smtcomp_intersection-example-simple.proof-node429727,UNSAT,0.00,0.01,4816,0
quant_smtcomp_intersection-example-simple.proof-node42980,UNSAT,0.00,0.01,4864,0
quant_smtcomp_intersection-example-simple.proof-node429839,UNSAT,0.00,0.01,4816,0
quant_smtcomp_intersection-example-simple.proof-node430224,UNSAT,0.00,0.01,4816,0
quant_smtcomp_intersection-example-simple.proof-node430336,UNSAT,0.00,0.01,4816,0
quant_smtcomp_intersection-example-simple.proof-node430448,UNSAT,0.00,0.01,4768,0
quant_smtcomp_intersection-example-simple.proof-node430774,UNSAT,0.00,0.01,4800,0
quant_smtcomp_intersection-example-simple.proof-node430886,UNSAT,0.00,0.01,4800,0
quant_smtcomp_intersection-example-simple.proof-node43092,UNSAT,0.00,0.01,4880,0
quant_smtcomp_intersection-example-simple.proof-node431800,UNSAT,0.00,0.01,4768,0
quant_smtcomp_intersection-example-simple.proof-node431912,UNSAT,0.00,0.01,4800,0
quant_smtcomp_intersection-example-simple.proof-node432549,UNSAT,0.00,0.01,4784,0
quant_smtcomp_intersection-example-simple.proof-node432783,UNSAT,0.00,0.01,4816,0
quant_smtcomp_intersection-example-simple.proof-node432895,UNSAT,0.00,0.01,4768,0
quant_smtcomp_intersection-example-simple.proof-node433121,UNSAT,0.00,0.01,4768,0
quant_smtcomp_intersection-example-simple.proof-node433233,UNSAT,0.00,0.01,4800,0
quant_smtcomp_intersection-example-simple.proof-node433345,UNSAT,0.00,0.01,4816,0
quant_smtcomp_intersection-example-simple.proof-node433833,UNSAT,0.00,0.01,4736,0
quant_smtcomp_intersection-example-simple.proof-node434037,UNSAT,0.00,0.01,4704,0
quant_smtcomp_intersection-example-simple.proof-node434251,UNSAT,0.00,0.01,4736,0
quant_smtcomp_intersection-example-simple.proof-node434684,UNSAT,0.00,0.01,4752,0
quant_smtcomp_intersection-example-simple.proof-node434888,UNSAT,0.00,0.01,4496,0
quant_smtcomp_intersection-example-simple.proof-node435102,UNSAT,0.00,0.01,4496,0
quant_smtcomp_intersection-example-simple.proof-node435214,UNSAT,0.00,0.01,4720,0
quant_smtcomp_intersection-example-simple.proof-node435555,UNSAT,0.00,0.01,4736,0
quant_smtcomp_intersection-example-simple.proof-node435759,UNSAT,0.00,0.01,4512,0
quant_smtcomp_intersection-example-simple.proof-node435899,UNSAT,0.00,0.01,4736,0
quant_smtcomp_intersection-example-simple.proof-node436138,UNSAT,0.00,0.01,4720,0
quant_smtcomp_intersection-example-simple.proof-node436342,UNSAT,0.00,0.01,4720,0
quant_smtcomp_intersection-example-simple.proof-node436556,UNSAT,0.00,0.01,4752,0
quant_smtcomp_intersection-example-simple.proof-node436668,UNSAT,0.00,0.01,4752,0
quant_smtcomp_intersection-example-simple.proof-node437131,UNSAT,0.00,0.01,4928,0
quant_smtcomp_intersection-example-simple.proof-node437437,UNSAT,0.00,0.01,4896,0
quant_smtcomp_intersection-example-simple.proof-node437549,UNSAT,0.00,0.01,4848,0
quant_smtcomp_intersection-example-simple.proof-node437880,UNSAT,0.00,0.01,4864,0
quant_smtcomp_intersection-example-simple.proof-node438084,UNSAT,0.00,0.01,4896,0
quant_smtcomp_intersection-example-simple.proof-node438298,UNSAT,0.00,0.01,4880,0
quant_smtcomp_intersection-example-simple.proof-node438410,UNSAT,0.00,0.01,4896,0
quant_smtcomp_intersection-example-simple.proof-node43853,UNSAT,0.00,0.01,4928,0
quant_smtcomp_intersection-example-simple.proof-node438855,UNSAT,0.00,0.01,4864,0
quant_smtcomp_intersection-example-simple.proof-node439069,UNSAT,0.00,0.01,4864,0
quant_smtcomp_intersection-example-simple.proof-node439181,UNSAT,0.00,0.01,4880,0
quant_smtcomp_intersection-example-simple.proof-node439420,UNSAT,0.00,0.01,4880,0
quant_smtcomp_intersection-example-simple.proof-node439624,UNSAT,0.00,0.01,4864,0
quant_smtcomp_intersection-example-simple.proof-node439838,UNSAT,0.00,0.01,4912,0
quant_smtcomp_intersection-example-simple.proof-node439950,UNSAT,0.00,0.01,4864,0
quant_smtcomp_intersection-example-simple.proof-node440408,UNSAT,0.00,0.01,4960,0
quant_smtcomp_intersection-example-simple.proof-node440612,UNSAT,0.00,0.01,4928,0
quant_smtcomp_intersection-example-simple.proof-node440826,UNSAT,0.00,0.01,4928,0
quant_smtcomp_intersection-example-simple.proof-node440938,UNSAT,0.00,0.01,4912,0
quant_smtcomp_intersection-example-simple.proof-node441279,UNSAT,0.00,0.01,4992,0
quant_smtcomp_intersection-example-simple.proof-node441483,UNSAT,0.00,0.01,4896,0
quant_smtcomp_intersection-example-simple.proof-node441623,UNSAT,0.00,0.01,4928,0
quant_smtcomp_intersection-example-simple.proof-node441862,UNSAT,0.00,0.01,4896,0
quant_smtcomp_intersection-example-simple.proof-node44189,UNSAT,0.00,0.01,4880,0
quant_smtcomp_intersection-example-simple.proof-node442066,UNSAT,0.00,0.01,4928,0
quant_smtcomp_intersection-example-simple.proof-node442280,UNSAT,0.00,0.01,4912,0
quant_smtcomp_intersection-example-simple.proof-node442392,UNSAT,0.00,0.01,4896,0
quant_smtcomp_intersection-example-simple.proof-node442828,UNSAT,0.00,0.01,4736,0
quant_smtcomp_intersection-example-simple.proof-node443129,UNSAT,0.00,0.01,4720,0
quant_smtcomp_intersection-example-simple.proof-node443241,UNSAT,0.00,0.01,4768,0
quant_smtcomp_intersection-example-simple.proof-node443578,UNSAT,0.00,0.01,4736,0
quant_smtcomp_intersection-example-simple.proof-node443782,UNSAT,0.00,0.01,4512,0
quant_smtcomp_intersection-example-simple.proof-node443991,UNSAT,0.00,0.01,4512,0
quant_smtcomp_intersection-example-simple.proof-node444103,UNSAT,0.00,0.01,4768,0
quant_smtcomp_intersection-example-simple.proof-node444536,UNSAT,0.00,0.01,4528,0
quant_smtcomp_intersection-example-simple.proof-node444745,UNSAT,0.00,0.01,4512,0
quant_smtcomp_intersection-example-simple.proof-node444857,UNSAT,0.00,0.01,4736,0
quant_smtcomp_intersection-example-simple.proof-node445102,UNSAT,0.00,0.01,4752,0
quant_smtcomp_intersection-example-simple.proof-node445306,UNSAT,0.00,0.01,4736,0
quant_smtcomp_intersection-example-simple.proof-node445515,UNSAT,0.00,0.01,4736,0
quant_smtcomp_intersection-example-simple.proof-node445627,UNSAT,0.00,0.01,4720,0
quant_smtcomp_intersection-example-simple.proof-node446063,UNSAT,0.00,0.01,4800,0
quant_smtcomp_intersection-example-simple.proof-node446175,UNSAT,0.00,0.01,4800,0
quant_smtcomp_intersection-example-simple.proof-node446379,UNSAT,0.00,0.01,4768,0
quant_smtcomp_intersection-example-simple.proof-node446588,UNSAT,0.00,0.01,4800,0
quant_smtcomp_intersection-example-simple.proof-node446700,UNSAT,0.00,0.01,4768,0
quant_smtcomp_intersection-example-simple.proof-node446812,UNSAT,0.00,0.01,4784,0
quant_smtcomp_intersection-example-simple.proof-node447148,UNSAT,0.00,0.01,4784,0
quant_smtcomp_intersection-example-simple.proof-node44719,UNSAT,0.00,0.01,4864,0
quant_smtcomp_intersection-example-simple.proof-node447393,UNSAT,0.00,0.01,4768,0
quant_smtcomp_intersection-example-simple.proof-node447602,UNSAT,0.00,0.01,4768,0
quant_smtcomp_intersection-example-simple.proof-node447714,UNSAT,0.00,0.01,4784,0
quant_smtcomp_intersection-example-simple.proof-node447826,UNSAT,0.00,0.01,4800,0
quant_smtcomp_intersection-example-simple.proof-node448060,UNSAT,0.00,0.01,4816,0
quant_smtcomp_intersection-example-simple.proof-node448172,UNSAT,0.00,0.01,4752,0
quant_smtcomp_intersection-example-simple.proof-node448376,UNSAT,0.00,0.01,4784,0
quant_smtcomp_intersection-example-simple.proof-node448585,UNSAT,0.00,0.01,4816,0
quant_smtcomp_intersection-example-simple.proof-node448750,UNSAT,0.00,0.01,4784,0
quant_smtcomp_intersection-example-simple.proof-node449302,UNSAT,0.00,0.01,4896,0
quant_smtcomp_intersection-example-simple.proof-node449506,UNSAT,0.00,0.01,4928,0
quant_smtcomp_intersection-example-simple.proof-node449720,UNSAT,0.00,0.01,4864,0
quant_smtcomp_intersection-example-simple.proof-node449832,UNSAT,0.00,0.01,4880,0
quant_smtcomp_intersection-example-simple.proof-node450593,UNSAT,0.00,0.01,4880,0
quant_smtcomp_intersection-example-simple.proof-node450929,UNSAT,0.00,0.01,4880,0
quant_smtcomp_intersection-example-simple.proof-node451459,UNSAT,0.00,0.01,4848,0
quant_smtcomp_intersection-example-simple.proof-node451958,UNSAT,0.00,0.01,4736,0
quant_smtcomp_intersection-example-simple.proof-node452162,UNSAT,0.00,0.01,4752,0
quant_smtcomp_intersection-example-simple.proof-node45218,UNSAT,0.00,0.01,4736,0
quant_smtcomp_intersection-example-simple.proof-node452376,UNSAT,0.00,0.01,4736,0
quant_smtcomp_intersection-example-simple.proof-node452488,UNSAT,0.00,0.01,4736,0
quant_smtcomp_intersection-example-simple.proof-node452819,UNSAT,0.00,0.01,4720,0
quant_smtcomp_intersection-example-simple.proof-node453249,UNSAT,0.00,0.01,4720,0
quant_smtcomp_intersection-example-simple.proof-node453585,UNSAT,0.00,0.01,4736,0
quant_smtcomp_intersection-example-simple.proof-node454115,UNSAT,0.00,0.01,4736,0
quant_smtcomp_intersection-example-simple.proof-node45422,UNSAT,0.00,0.01,4768,0
quant_smtcomp_intersection-example-simple.proof-node454548,UNSAT,0.00,0.02,4752,0
quant_smtcomp_intersection-example-simple.proof-node454762,UNSAT,0.00,0.01,4752,0
quant_smtcomp_intersection-example-simple.proof-node454874,UNSAT,0.00,0.01,4768,0
quant_smtcomp_intersection-example-simple.proof-node455246,UNSAT,0.00,0.01,4768,0
quant_smtcomp_intersection-example-simple.proof-node455450,UNSAT,0.00,0.01,4784,0
quant_smtcomp_intersection-example-simple.proof-node455664,UNSAT,0.00,0.01,4752,0
quant_smtcomp_intersection-example-simple.proof-node456097,UNSAT,0.00,0.01,4768,0
quant_smtcomp_intersection-example-simple.proof-node456301,UNSAT,0.00,0.01,4512,0
quant_smtcomp_intersection-example-simple.proof-node45636,UNSAT,0.00,0.01,4720,0
quant_smtcomp_intersection-example-simple.proof-node456515,UNSAT,0.00,0.01,4544,0
quant_smtcomp_intersection-example-simple.proof-node456627,UNSAT,0.00,0.01,4736,0
quant_smtcomp_intersection-example-simple.proof-node456963,UNSAT,0.00,0.01,4736,0
quant_smtcomp_intersection-example-simple.proof-node457167,UNSAT,0.00,0.01,4512,0
quant_smtcomp_intersection-example-simple.proof-node457307,UNSAT,0.00,0.01,4752,0
quant_smtcomp_intersection-example-simple.proof-node4574,UNSAT,0.00,0.01,4736,0
quant_smtcomp_intersection-example-simple.proof-node45748,UNSAT,0.00,0.01,4736,0
quant_smtcomp_intersection-example-simple.proof-node457546,UNSAT,0.00,0.01,4736,0
quant_smtcomp_intersection-example-simple.proof-node457750,UNSAT,0.00,0.01,4736,0
quant_smtcomp_intersection-example-simple.proof-node457964,UNSAT,0.00,0.01,4736,0
quant_smtcomp_intersection-example-simple.proof-node458076,UNSAT,0.00,0.01,4768,0
quant_smtcomp_intersection-example-simple.proof-node458511,UNSAT,0.00,0.01,4880,0
quant_smtcomp_intersection-example-simple.proof-node458799,UNSAT,0.00,0.01,4880,0
quant_smtcomp_intersection-example-simple.proof-node459008,UNSAT,0.00,0.01,4848,0
quant_smtcomp_intersection-example-simple.proof-node459120,UNSAT,0.00,0.01,4896,0
quant_smtcomp_intersection-example-simple.proof-node459232,UNSAT,0.00,0.01,4864,0
quant_smtcomp_intersection-example-simple.proof-node459558,UNSAT,0.00,0.01,4816,0
quant_smtcomp_intersection-example-simple.proof-node459670,UNSAT,0.00,0.01,4864,0
quant_smtcomp_intersection-example-simple.proof-node460279,UNSAT,0.00,0.01,4880,0
quant_smtcomp_intersection-example-simple.proof-node460610,UNSAT,0.00,0.01,4896,0
quant_smtcomp_intersection-example-simple.proof-node460722,UNSAT,0.00,0.01,4832,0
quant_smtcomp_intersection-example-simple.proof-node46079,UNSAT,0.00,0.01,4752,0
quant_smtcomp_intersection-example-simple.proof-node461359,UNSAT,0.00,0.01,4880,0
quant_smtcomp_intersection-example-simple.proof-node461605,UNSAT,0.00,0.01,4896,0
quant_smtcomp_intersection-example-simple.proof-node461809,UNSAT,0.00,0.01,4880,0
quant_smtcomp_intersection-example-simple.proof-node462018,UNSAT,0.00,0.01,4880,0
quant_smtcomp_intersection-example-simple.proof-node462130,UNSAT,0.00,0.01,4864,0
quant_smtcomp_intersection-example-simple.proof-node462242,UNSAT,0.00,0.01,4912,0
quant_smtcomp_intersection-example-simple.proof-node462252,UNSAT,0.00,0.01,4928,0
quant_smtcomp_intersection-example-simple.proof-node462334,UNSAT,0.00,0.01,4944,0
quant_smtcomp_intersection-example-simple.proof-node462446,UNSAT,0.00,0.01,4912,0
quant_smtcomp_intersection-example-simple.proof-node462517,UNSAT,0.00,0.01,4736,0
quant_smtcomp_intersection-example-simple.proof-node462806,UNSAT,0.00,0.01,4736,0
quant_smtcomp_intersection-example-simple.proof-node463124,UNSAT,0.00,0.01,4464,0
quant_smtcomp_intersection-example-simple.proof-node463236,UNSAT,0.00,0.01,4736,0
quant_smtcomp_intersection-example-simple.proof-node463318,UNSAT,0.00,0.01,4480,0
quant_smtcomp_intersection-example-simple.proof-node463400,UNSAT,0.00,0.01,4880,0
quant_smtcomp_intersection-example-simple.proof-node463428,UNSAT,0.00,0.01,4880,0
quant_smtcomp_intersection-example-simple.proof-node463643,UNSAT,0.00,0.01,4848,0
quant_smtcomp_intersection-example-simple.proof-node464168,UNSAT,0.00,0.01,4896,0
quant_smtcomp_intersection-example-simple.proof-node464178,UNSAT,0.00,0.01,4848,0
quant_smtcomp_intersection-example-simple.proof-node464948,UNSAT,0.00,0.01,4864,0
quant_smtcomp_intersection-example-simple.proof-node46509,UNSAT,0.00,0.01,4752,0
quant_smtcomp_intersection-example-simple.proof-node465275,UNSAT,0.00,0.01,4960,0
quant_smtcomp_intersection-example-simple.proof-node465484,UNSAT,0.00,0.01,4864,0
quant_smtcomp_intersection-example-simple.proof-node465688,UNSAT,0.00,0.01,4880,0
quant_smtcomp_intersection-example-simple.proof-node465864,UNSAT,0.00,0.01,4880,0
quant_smtcomp_intersection-example-simple.proof-node465946,UNSAT,0.00,0.01,4528,0
quant_smtcomp_intersection-example-simple.proof-node465956,UNSAT,0.00,0.01,4736,0
quant_smtcomp_intersection-example-simple.proof-node466287,UNSAT,0.00,0.01,4752,0
quant_smtcomp_intersection-example-simple.proof-node466491,UNSAT,0.00,0.01,4736,0
quant_smtcomp_intersection-example-simple.proof-node466705,UNSAT,0.00,0.01,4720,0
quant_smtcomp_intersection-example-simple.proof-node466817,UNSAT,0.00,0.01,4736,0
quant_smtcomp_intersection-example-simple.proof-node467158,UNSAT,0.00,0.01,4720,0
quant_smtcomp_intersection-example-simple.proof-node467389,UNSAT,0.00,0.01,4752,0
quant_smtcomp_intersection-example-simple.proof-node467501,UNSAT,0.00,0.01,4752,0
quant_smtcomp_intersection-example-simple.proof-node467740,UNSAT,0.00,0.01,4768,0
quant_smtcomp_intersection-example-simple.proof-node467944,UNSAT,0.00,0.01,4768,0
quant_smtcomp_intersection-example-simple.proof-node468158,UNSAT,0.00,0.01,4736,0
quant_smtcomp_intersection-example-simple.proof-node468270,UNSAT,0.00,0.01,4768,0
quant_smtcomp_intersection-example-simple.proof-node468341,UNSAT,0.00,0.01,4928,0
quant_smtcomp_intersection-example-simple.proof-node46845,UNSAT,0.00,0.01,4720,0
quant_smtcomp_intersection-example-simple.proof-node468504,UNSAT,0.00,0.01,4960,0
quant_smtcomp_intersection-example-simple.proof-node468833,UNSAT,0.00,0.01,4752,0
quant_smtcomp_intersection-example-simple.proof-node469037,UNSAT,0.00,0.01,4720,0
quant_smtcomp_intersection-example-simple.proof-node469251,UNSAT,0.00,0.01,4768,0
quant_smtcomp_intersection-example-simple.proof-node469363,UNSAT,0.00,0.01,4752,0
quant_smtcomp_intersection-example-simple.proof-node469549,UNSAT,0.00,0.01,4496,0
quant_smtcomp_intersection-example-simple.proof-node469661,UNSAT,0.00,0.01,4864,0
quant_smtcomp_intersection-example-simple.proof-node469761,UNSAT,0.00,0.01,4880,0
quant_smtcomp_intersection-example-simple.proof-node470000,UNSAT,0.00,0.01,4960,0
quant_smtcomp_intersection-example-simple.proof-node470242,UNSAT,0.00,0.01,4912,0
quant_smtcomp_intersection-example-simple.proof-node470354,UNSAT,0.00,0.01,4912,0
quant_smtcomp_intersection-example-simple.proof-node470540,UNSAT,0.00,0.01,4864,0
quant_smtcomp_intersection-example-simple.proof-node470652,UNSAT,0.00,0.01,4720,0
quant_smtcomp_intersection-example-simple.proof-node470770,UNSAT,0.00,0.01,4736,0
quant_smtcomp_intersection-example-simple.proof-node471015,UNSAT,0.00,0.01,4752,0
quant_smtcomp_intersection-example-simple.proof-node471127,UNSAT,0.00,0.01,4768,0
quant_smtcomp_intersection-example-simple.proof-node471331,UNSAT,0.00,0.01,4752,0
quant_smtcomp_intersection-example-simple.proof-node471570,UNSAT,0.00,0.01,4720,0
quant_smtcomp_intersection-example-simple.proof-node471682,UNSAT,0.00,0.01,4752,0
quant_smtcomp_intersection-example-simple.proof-node471753,UNSAT,0.00,0.01,4736,0
quant_smtcomp_intersection-example-simple.proof-node471812,UNSAT,0.00,0.01,4736,0
quant_smtcomp_intersection-example-simple.proof-node471840,UNSAT,0.00,0.01,4752,0
quant_smtcomp_intersection-example-simple.proof-node472049,UNSAT,0.00,0.01,4752,0
quant_smtcomp_intersection-example-simple.proof-node472253,UNSAT,0.00,0.01,4752,0
quant_smtcomp_intersection-example-simple.proof-node472467,UNSAT,0.00,0.01,4736,0
quant_smtcomp_intersection-example-simple.proof-node472579,UNSAT,0.00,0.01,4752,0
quant_smtcomp_intersection-example-simple.proof-node472661,UNSAT,0.00,0.01,4896,0
quant_smtcomp_intersection-example-simple.proof-node472671,UNSAT,0.00,0.01,4880,0
quant_smtcomp_intersection-example-simple.proof-node473083,UNSAT,0.00,0.01,4944,0
quant_smtcomp_intersection-example-simple.proof-node473297,UNSAT,0.00,0.01,4944,0
quant_smtcomp_intersection-example-simple.proof-node473409,UNSAT,0.00,0.01,4944,0
quant_smtcomp_intersection-example-simple.proof-node47375,UNSAT,0.00,0.01,4752,0
quant_smtcomp_intersection-example-simple.proof-node473750,UNSAT,0.00,0.01,4944,0
quant_smtcomp_intersection-example-simple.proof-node473954,UNSAT,0.00,0.01,4912,0
quant_smtcomp_intersection-example-simple.proof-node474168,UNSAT,0.00,0.01,4992,0
quant_smtcomp_intersection-example-simple.proof-node474280,UNSAT,0.00,0.01,4944,0
quant_smtcomp_intersection-example-simple.proof-node474410,UNSAT,0.00,0.01,4736,0
quant_smtcomp_intersection-example-simple.proof-node474450,UNSAT,0.00,0.01,4720,0
quant_smtcomp_intersection-example-simple.proof-node474532,UNSAT,0.00,0.01,4752,0
quant_smtcomp_intersection-example-simple.proof-node474603,UNSAT,0.00,0.01,4784,0
quant_smtcomp_intersection-example-simple.proof-node474662,UNSAT,0.00,0.01,4704,0
quant_smtcomp_intersection-example-simple.proof-node474871,UNSAT,0.00,0.01,4928,0
quant_smtcomp_intersection-example-simple.proof-node475075,UNSAT,0.00,0.01,4976,0
quant_smtcomp_intersection-example-simple.proof-node475289,UNSAT,0.00,0.01,4896,0
quant_smtcomp_intersection-example-simple.proof-node475401,UNSAT,0.00,0.01,4880,0
quant_smtcomp_intersection-example-simple.proof-node475501,UNSAT,0.00,0.01,4864,0
quant_smtcomp_intersection-example-simple.proof-node475511,UNSAT,0.00,0.01,4720,0
quant_smtcomp_intersection-example-simple.proof-node475720,UNSAT,0.00,0.01,4736,0
quant_smtcomp_intersection-example-simple.proof-node475730,UNSAT,0.00,0.01,4736,0
quant_smtcomp_intersection-example-simple.proof-node475740,UNSAT,0.00,0.01,4768,0
quant_smtcomp_intersection-example-simple.proof-node475811,UNSAT,0.00,0.01,4864,0
quant_smtcomp_intersection-example-simple.proof-node476004,UNSAT,0.00,0.01,4864,0
quant_smtcomp_intersection-example-simple.proof-node476116,UNSAT,0.00,0.01,4896,0
quant_smtcomp_intersection-example-simple.proof-node476320,UNSAT,0.00,0.01,4880,0
quant_smtcomp_intersection-example-simple.proof-node476529,UNSAT,0.00,0.01,4880,0
quant_smtcomp_intersection-example-simple.proof-node476641,UNSAT,0.00,0.01,4880,0
quant_smtcomp_intersection-example-simple.proof-node476753,UNSAT,0.00,0.01,4880,0
quant_smtcomp_intersection-example-simple.proof-node476763,UNSAT,0.00,0.01,4880,0
quant_smtcomp_intersection-example-simple.proof-node476961,UNSAT,0.00,0.01,4848,0
quant_smtcomp_intersection-example-simple.proof-node477369,UNSAT,0.00,0.01,4816,0
quant_smtcomp_intersection-example-simple.proof-node477481,UNSAT,0.00,0.01,4896,0
quant_smtcomp_intersection-example-simple.proof-node477563,UNSAT,0.00,0.01,4880,0
quant_smtcomp_intersection-example-simple.proof-node477663,UNSAT,0.00,0.01,4768,0
quant_smtcomp_intersection-example-simple.proof-node477867,UNSAT,0.00,0.01,4784,0
quant_smtcomp_intersection-example-simple.proof-node47808,UNSAT,0.00,0.01,4768,0
quant_smtcomp_intersection-example-simple.proof-node478081,UNSAT,0.00,0.01,4768,0
quant_smtcomp_intersection-example-simple.proof-node478193,UNSAT,0.00,0.01,4800,0
quant_smtcomp_intersection-example-simple.proof-node478275,UNSAT,0.00,0.01,4784,0
quant_smtcomp_intersection-example-simple.proof-node478285,UNSAT,0.00,0.01,4768,0
quant_smtcomp_intersection-example-simple.proof-node478489,UNSAT,0.00,0.01,4768,0
quant_smtcomp_intersection-example-simple.proof-node478687,UNSAT,0.00,0.01,4800,0
quant_smtcomp_intersection-example-simple.proof-node478769,UNSAT,0.00,0.01,4784,0
quant_smtcomp_intersection-example-simple.proof-node478851,UNSAT,0.00,0.01,4896,0
quant_smtcomp_intersection-example-simple.proof-node478879,UNSAT,0.00,0.01,4880,0
quant_smtcomp_intersection-example-simple.proof-node479094,UNSAT,0.00,0.01,4896,0
quant_smtcomp_intersection-example-simple.proof-node479298,UNSAT,0.00,0.01,4880,0
quant_smtcomp_intersection-example-simple.proof-node479507,UNSAT,0.00,0.01,4816,0
quant_smtcomp_intersection-example-simple.proof-node479619,UNSAT,0.00,0.01,4912,0
quant_smtcomp_intersection-example-simple.proof-node479629,UNSAT,0.00,0.01,4848,0
quant_smtcomp_intersection-example-simple.proof-node479927,UNSAT,0.00,0.01,4880,0
quant_smtcomp_intersection-example-simple.proof-node480184,UNSAT,0.00,0.01,4896,0
quant_smtcomp_intersection-example-simple.proof-node48022,UNSAT,0.00,0.01,4752,0
quant_smtcomp_intersection-example-simple.proof-node480393,UNSAT,0.00,0.01,4848,0
quant_smtcomp_intersection-example-simple.proof-node480505,UNSAT,0.00,0.01,4896,0
quant_smtcomp_intersection-example-simple.proof-node480617,UNSAT,0.00,0.01,4912,0
quant_smtcomp_intersection-example-simple.proof-node480793,UNSAT,0.00,0.01,4864,0
quant_smtcomp_intersection-example-simple.proof-node48134,UNSAT,0.00,0.01,4720,0
quant_smtcomp_intersection-example-simple.proof-node481345,UNSAT,0.00,0.01,4896,0
quant_smtcomp_intersection-example-simple.proof-node481651,UNSAT,0.00,0.01,4928,0
quant_smtcomp_intersection-example-simple.proof-node481763,UNSAT,0.00,0.01,4848,0
quant_smtcomp_intersection-example-simple.proof-node482094,UNSAT,0.00,0.01,4976,0
quant_smtcomp_intersection-example-simple.proof-node482298,UNSAT,0.00,0.01,4928,0
quant_smtcomp_intersection-example-simple.proof-node482512,UNSAT,0.00,0.01,4944,0
quant_smtcomp_intersection-example-simple.proof-node482624,UNSAT,0.00,0.01,4896,0
quant_smtcomp_intersection-example-simple.proof-node483069,UNSAT,0.00,0.01,4944,0
quant_smtcomp_intersection-example-simple.proof-node483283,UNSAT,0.00,0.01,4912,0
quant_smtcomp_intersection-example-simple.proof-node483395,UNSAT,0.00,0.01,4832,0
quant_smtcomp_intersection-example-simple.proof-node483634,UNSAT,0.00,0.01,4880,0
quant_smtcomp_intersection-example-simple.proof-node483838,UNSAT,0.00,0.01,4928,0
quant_smtcomp_intersection-example-simple.proof-node484052,UNSAT,0.00,0.01,4848,0
quant_smtcomp_intersection-example-simple.proof-node484164,UNSAT,0.00,0.01,4880,0
quant_smtcomp_intersection-example-simple.proof-node484668,UNSAT,0.00,0.01,4784,0
quant_smtcomp_intersection-example-simple.proof-node484872,UNSAT,0.00,0.01,4720,0
quant_smtcomp_intersection-example-simple.proof-node48506,UNSAT,0.00,0.01,4736,0
quant_smtcomp_intersection-example-simple.proof-node485086,UNSAT,0.00,0.01,4720,0
quant_smtcomp_intersection-example-simple.proof-node485198,UNSAT,0.00,0.01,4752,0
quant_smtcomp_intersection-example-simple.proof-node485529,UNSAT,0.00,0.01,4752,0
quant_smtcomp_intersection-example-simple.proof-node485733,UNSAT,0.00,0.01,4736,0
quant_smtcomp_intersection-example-simple.proof-node486074,UNSAT,0.00,0.01,4736,0
quant_smtcomp_intersection-example-simple.proof-node486278,UNSAT,0.00,0.01,4720,0
quant_smtcomp_intersection-example-simple.proof-node486492,UNSAT,0.00,0.01,4736,0
quant_smtcomp_intersection-example-simple.proof-node486604,UNSAT,0.00,0.01,4736,0
quant_smtcomp_intersection-example-simple.proof-node486843,UNSAT,0.00,0.01,4800,0
quant_smtcomp_intersection-example-simple.proof-node487047,UNSAT,0.00,0.01,4720,0
quant_smtcomp_intersection-example-simple.proof-node48710,UNSAT,0.00,0.01,4736,0
quant_smtcomp_intersection-example-simple.proof-node487273,UNSAT,0.00,0.01,4816,0
quant_smtcomp_intersection-example-simple.proof-node487702,UNSAT,0.00,0.01,4896,0
quant_smtcomp_intersection-example-simple.proof-node487814,UNSAT,0.00,0.01,4880,0
quant_smtcomp_intersection-example-simple.proof-node4880,UNSAT,0.00,0.01,4752,0
quant_smtcomp_intersection-example-simple.proof-node488018,UNSAT,0.00,0.01,4880,0
quant_smtcomp_intersection-example-simple.proof-node488227,UNSAT,0.00,0.01,4896,0
quant_smtcomp_intersection-example-simple.proof-node488339,UNSAT,0.00,0.01,4832,0
quant_smtcomp_intersection-example-simple.proof-node488451,UNSAT,0.00,0.01,4880,0
quant_smtcomp_intersection-example-simple.proof-node488920,UNSAT,0.00,0.01,4832,0
quant_smtcomp_intersection-example-simple.proof-node489032,UNSAT,0.00,0.01,4848,0
quant_smtcomp_intersection-example-simple.proof-node489236,UNSAT,0.00,0.01,4912,0
quant_smtcomp_intersection-example-simple.proof-node48924,UNSAT,0.00,0.01,4768,0
quant_smtcomp_intersection-example-simple.proof-node489445,UNSAT,0.00,0.01,4864,0
quant_smtcomp_intersection-example-simple.proof-node489557,UNSAT,0.00,0.01,4928,0
quant_smtcomp_intersection-example-simple.proof-node489669,UNSAT,0.00,0.01,4880,0
quant_smtcomp_intersection-example-simple.proof-node489903,UNSAT,0.00,0.01,4864,0
quant_smtcomp_intersection-example-simple.proof-node490015,UNSAT,0.00,0.01,4864,0
quant_smtcomp_intersection-example-simple.proof-node490241,UNSAT,0.00,0.01,4896,0
quant_smtcomp_intersection-example-simple.proof-node490353,UNSAT,0.00,0.01,4864,0
quant_smtcomp_intersection-example-simple.proof-node490465,UNSAT,0.00,0.01,4864,0
quant_smtcomp_intersection-example-simple.proof-node491050,UNSAT,0.00,0.01,4720,0
quant_smtcomp_intersection-example-simple.proof-node491254,UNSAT,0.00,0.01,4768,0
quant_smtcomp_intersection-example-simple.proof-node491468,UNSAT,0.00,0.01,4784,0
quant_smtcomp_intersection-example-simple.proof-node491811,UNSAT,0.00,0.01,4736,0
quant_smtcomp_intersection-example-simple.proof-node492015,UNSAT,0.00,0.01,4464,0
quant_smtcomp_intersection-example-simple.proof-node492229,UNSAT,0.00,0.01,4496,0
quant_smtcomp_intersection-example-simple.proof-node492341,UNSAT,0.00,0.01,4752,0
quant_smtcomp_intersection-example-simple.proof-node492682,UNSAT,0.00,0.01,4768,0
quant_smtcomp_intersection-example-simple.proof-node492886,UNSAT,0.00,0.01,4512,0
quant_smtcomp_intersection-example-simple.proof-node493026,UNSAT,0.00,0.01,4752,0
quant_smtcomp_intersection-example-simple.proof-node493265,UNSAT,0.00,0.01,4752,0
quant_smtcomp_intersection-example-simple.proof-node493469,UNSAT,0.00,0.01,4720,0
quant_smtcomp_intersection-example-simple.proof-node49357,UNSAT,0.00,0.01,4768,0
quant_smtcomp_intersection-example-simple.proof-node493683,UNSAT,0.00,0.01,4736,0
quant_smtcomp_intersection-example-simple.proof-node493795,UNSAT,0.00,0.01,4736,0
quant_smtcomp_intersection-example-simple.proof-node494258,UNSAT,0.00,0.01,4896,0
quant_smtcomp_intersection-example-simple.proof-node494564,UNSAT,0.00,0.01,4880,0
quant_smtcomp_intersection-example-simple.proof-node494676,UNSAT,0.00,0.01,4864,0
quant_smtcomp_intersection-example-simple.proof-node495007,UNSAT,0.00,0.01,4880,0
quant_smtcomp_intersection-example-simple.proof-node495211,UNSAT,0.00,0.01,4912,0
quant_smtcomp_intersection-example-simple.proof-node495425,UNSAT,0.00,0.01,4912,0
quant_smtcomp_intersection-example-simple.proof-node495537,UNSAT,0.00,0.01,4864,0
quant_smtcomp_intersection-example-simple.proof-node49561,UNSAT,0.00,0.01,4528,0
quant_smtcomp_intersection-example-simple.proof-node495982,UNSAT,0.00,0.01,4896,0
quant_smtcomp_intersection-example-simple.proof-node496196,UNSAT,0.00,0.01,4864,0
quant_smtcomp_intersection-example-simple.proof-node496308,UNSAT,0.00,0.01,4864,0
quant_smtcomp_intersection-example-simple.proof-node496547,UNSAT,0.00,0.01,4864,0
quant_smtcomp_intersection-example-simple.proof-node496751,UNSAT,0.00,0.01,4864,0
quant_smtcomp_intersection-example-simple.proof-node496965,UNSAT,0.00,0.01,4912,0
quant_smtcomp_intersection-example-simple.proof-node497077,UNSAT,0.00,0.01,4864,0
quant_smtcomp_intersection-example-simple.proof-node497535,UNSAT,0.00,0.01,4944,0
quant_smtcomp_intersection-example-simple.proof-node497739,UNSAT,0.00,0.01,4864,0
quant_smtcomp_intersection-example-simple.proof-node49775,UNSAT,0.00,0.01,4464,0
quant_smtcomp_intersection-example-simple.proof-node497953,UNSAT,0.00,0.01,4912,0
quant_smtcomp_intersection-example-simple.proof-node498065,UNSAT,0.00,0.01,4912,0
quant_smtcomp_intersection-example-simple.proof-node498406,UNSAT,0.00,0.01,4944,0
quant_smtcomp_intersection-example-simple.proof-node498610,UNSAT,0.00,0.01,4864,0
quant_smtcomp_intersection-example-simple.proof-node498750,UNSAT,0.00,0.01,4928,0
quant_smtcomp_intersection-example-simple.proof-node49887,UNSAT,0.00,0.01,4736,0
quant_smtcomp_intersection-example-simple.proof-node498989,UNSAT,0.00,0.01,4896,0
quant_smtcomp_intersection-example-simple.proof-node499193,UNSAT,0.00,0.01,4928,0
quant_smtcomp_intersection-example-simple.proof-node4992,UNSAT,0.00,0.01,4736,0
quant_smtcomp_intersection-example-simple.proof-node499407,UNSAT,0.00,0.01,4944,0
quant_smtcomp_intersection-example-simple.proof-node499519,UNSAT,0.00,0.01,4944,0
quant_smtcomp_intersection-example-simple.proof-node499955,UNSAT,0.00,0.01,4752,0
quant_smtcomp_intersection-example-simple.proof-node500256,UNSAT,0.00,0.01,4752,0
quant_smtcomp_intersection-example-simple.proof-node500368,UNSAT,0.00,0.01,4736,0
quant_smtcomp_intersection-example-simple.proof-node500705,UNSAT,0.00,0.01,4736,0
quant_smtcomp_intersection-example-simple.proof-node500909,UNSAT,0.00,0.01,4480,0
quant_smtcomp_intersection-example-simple.proof-node501118,UNSAT,0.00,0.01,4464,0
quant_smtcomp_intersection-example-simple.proof-node501230,UNSAT,0.00,0.01,4752,0
quant_smtcomp_intersection-example-simple.proof-node501663,UNSAT,0.00,0.01,4512,0
quant_smtcomp_intersection-example-simple.proof-node501872,UNSAT,0.00,0.01,4528,0
quant_smtcomp_intersection-example-simple.proof-node501984,UNSAT,0.00,0.01,4752,0
quant_smtcomp_intersection-example-simple.proof-node502229,UNSAT,0.00,0.01,4720,0
quant_smtcomp_intersection-example-simple.proof-node50223,UNSAT,0.00,0.01,4736,0
quant_smtcomp_intersection-example-simple.proof-node502433,UNSAT,0.00,0.01,4720,0
quant_smtcomp_intersection-example-simple.proof-node502642,UNSAT,0.00,0.01,4800,0
quant_smtcomp_intersection-example-simple.proof-node502754,UNSAT,0.00,0.01,4736,0
quant_smtcomp_intersection-example-simple.proof-node503190,UNSAT,0.00,0.01,4800,0
quant_smtcomp_intersection-example-simple.proof-node503302,UNSAT,0.00,0.01,4800,0
quant_smtcomp_intersection-example-simple.proof-node503506,UNSAT,0.00,0.01,4784,0
quant_smtcomp_intersection-example-simple.proof-node503715,UNSAT,0.00,0.01,4800,0
quant_smtcomp_intersection-example-simple.proof-node503827,UNSAT,0.00,0.01,4768,0
quant_smtcomp_intersection-example-simple.proof-node503939,UNSAT,0.00,0.01,4816,0
quant_smtcomp_intersection-example-simple.proof-node50427,UNSAT,0.00,0.01,4512,0
quant_smtcomp_intersection-example-simple.proof-node504275,UNSAT,0.00,0.01,4784,0
quant_smtcomp_intersection-example-simple.proof-node504520,UNSAT,0.00,0.01,4736,0
quant_smtcomp_intersection-example-simple.proof-node504729,UNSAT,0.00,0.01,4800,0
quant_smtcomp_intersection-example-simple.proof-node504841,UNSAT,0.00,0.01,4800,0
quant_smtcomp_intersection-example-simple.proof-node504953,UNSAT,0.00,0.01,4800,0
quant_smtcomp_intersection-example-simple.proof-node505187,UNSAT,0.00,0.01,4800,0
quant_smtcomp_intersection-example-simple.proof-node505299,UNSAT,0.00,0.01,4800,0
quant_smtcomp_intersection-example-simple.proof-node505503,UNSAT,0.00,0.01,4768,0
quant_smtcomp_intersection-example-simple.proof-node50567,UNSAT,0.00,0.01,4736,0
quant_smtcomp_intersection-example-simple.proof-node505712,UNSAT,0.00,0.01,4768,0
quant_smtcomp_intersection-example-simple.proof-node505877,UNSAT,0.00,0.01,4816,0
quant_smtcomp_intersection-example-simple.proof-node506365,UNSAT,0.00,0.01,4768,0
quant_smtcomp_intersection-example-simple.proof-node506569,UNSAT,0.00,0.01,4736,0
quant_smtcomp_intersection-example-simple.proof-node506783,UNSAT,0.00,0.01,4736,0
quant_smtcomp_intersection-example-simple.proof-node506895,UNSAT,0.00,0.01,4752,0
quant_smtcomp_intersection-example-simple.proof-node507402,UNSAT,0.00,0.01,4736,0
quant_smtcomp_intersection-example-simple.proof-node507616,UNSAT,0.00,0.01,4752,0
quant_smtcomp_intersection-example-simple.proof-node507728,UNSAT,0.00,0.01,4736,0
quant_smtcomp_intersection-example-simple.proof-node50806,UNSAT,0.00,0.01,4752,0
quant_smtcomp_intersection-example-simple.proof-node508069,UNSAT,0.00,0.01,4752,0
quant_smtcomp_intersection-example-simple.proof-node508273,UNSAT,0.00,0.01,4720,0
quant_smtcomp_intersection-example-simple.proof-node508487,UNSAT,0.00,0.01,4768,0
quant_smtcomp_intersection-example-simple.proof-node508599,UNSAT,0.00,0.01,4752,0
quant_smtcomp_intersection-example-simple.proof-node509092,UNSAT,0.00,0.01,5024,0
quant_smtcomp_intersection-example-simple.proof-node509296,UNSAT,0.00,0.01,4912,0
quant_smtcomp_intersection-example-simple.proof-node509510,UNSAT,0.00,0.01,4928,0
quant_smtcomp_intersection-example-simple.proof-node509622,UNSAT,0.00,0.01,4896,0
quant_smtcomp_intersection-example-simple.proof-node509953,UNSAT,0.00,0.01,4896,0
quant_smtcomp_intersection-example-simple.proof-node51010,UNSAT,0.00,0.01,4752,0
quant_smtcomp_intersection-example-simple.proof-node510289,UNSAT,0.00,0.01,4880,0
quant_smtcomp_intersection-example-simple.proof-node510401,UNSAT,0.00,0.01,4912,0
quant_smtcomp_intersection-example-simple.proof-node510742,UNSAT,0.00,0.01,4928,0
quant_smtcomp_intersection-example-simple.proof-node510946,UNSAT,0.00,0.01,4880,0
quant_smtcomp_intersection-example-simple.proof-node511160,UNSAT,0.00,0.01,4928,0
quant_smtcomp_intersection-example-simple.proof-node511272,UNSAT,0.00,0.01,4912,0
quant_smtcomp_intersection-example-simple.proof-node511705,UNSAT,0.00,0.01,4912,0
quant_smtcomp_intersection-example-simple.proof-node511919,UNSAT,0.00,0.01,4944,0
quant_smtcomp_intersection-example-simple.proof-node512031,UNSAT,0.00,0.01,4944,0
quant_smtcomp_intersection-example-simple.proof-node51224,UNSAT,0.00,0.01,4752,0
quant_smtcomp_intersection-example-simple.proof-node512397,UNSAT,0.00,0.01,4928,0
quant_smtcomp_intersection-example-simple.proof-node512601,UNSAT,0.00,0.01,4928,0
quant_smtcomp_intersection-example-simple.proof-node512815,UNSAT,0.00,0.01,4928,0
quant_smtcomp_intersection-example-simple.proof-node512927,UNSAT,0.00,0.01,4944,0
quant_smtcomp_intersection-example-simple.proof-node51336,UNSAT,0.00,0.01,4736,0
quant_smtcomp_intersection-example-simple.proof-node513363,UNSAT,0.00,0.01,4752,0
quant_smtcomp_intersection-example-simple.proof-node513567,UNSAT,0.00,0.01,4768,0
quant_smtcomp_intersection-example-simple.proof-node513776,UNSAT,0.00,0.01,4784,0
quant_smtcomp_intersection-example-simple.proof-node513888,UNSAT,0.00,0.01,4784,0
quant_smtcomp_intersection-example-simple.proof-node514225,UNSAT,0.00,0.01,4736,0
quant_smtcomp_intersection-example-simple.proof-node514538,UNSAT,0.00,0.01,4720,0
quant_smtcomp_intersection-example-simple.proof-node514650,UNSAT,0.00,0.01,4720,0
quant_smtcomp_intersection-example-simple.proof-node514997,UNSAT,0.00,0.01,4736,0
quant_smtcomp_intersection-example-simple.proof-node515201,UNSAT,0.00,0.01,4736,0
quant_smtcomp_intersection-example-simple.proof-node515410,UNSAT,0.00,0.01,4736,0
quant_smtcomp_intersection-example-simple.proof-node515522,UNSAT,0.00,0.01,4736,0
quant_smtcomp_intersection-example-simple.proof-node515931,UNSAT,0.00,0.01,4752,0
quant_smtcomp_intersection-example-simple.proof-node516140,UNSAT,0.00,0.01,4752,0
quant_smtcomp_intersection-example-simple.proof-node516252,UNSAT,0.00,0.01,4752,0
quant_smtcomp_intersection-example-simple.proof-node516607,UNSAT,0.00,0.01,4800,0
quant_smtcomp_intersection-example-simple.proof-node516719,UNSAT,0.00,0.01,4768,0
quant_smtcomp_intersection-example-simple.proof-node516923,UNSAT,0.00,0.01,4816,0
quant_smtcomp_intersection-example-simple.proof-node517132,UNSAT,0.00,0.01,4800,0
quant_smtcomp_intersection-example-simple.proof-node517274,UNSAT,0.00,0.01,4832,0
quant_smtcomp_intersection-example-simple.proof-node517600,UNSAT,0.00,0.01,4800,0
quant_smtcomp_intersection-example-simple.proof-node51771,UNSAT,0.00,0.01,4864,0
quant_smtcomp_intersection-example-simple.proof-node517712,UNSAT,0.00,0.01,4800,0
quant_smtcomp_intersection-example-simple.proof-node517916,UNSAT,0.00,0.01,4800,0
quant_smtcomp_intersection-example-simple.proof-node518125,UNSAT,0.00,0.01,4784,0
quant_smtcomp_intersection-example-simple.proof-node518237,UNSAT,0.00,0.01,4784,0
quant_smtcomp_intersection-example-simple.proof-node518349,UNSAT,0.00,0.01,4800,0
quant_smtcomp_intersection-example-simple.proof-node518726,UNSAT,0.00,0.01,4768,0
quant_smtcomp_intersection-example-simple.proof-node518930,UNSAT,0.00,0.01,4736,0
quant_smtcomp_intersection-example-simple.proof-node519139,UNSAT,0.00,0.01,4800,0
quant_smtcomp_intersection-example-simple.proof-node519251,UNSAT,0.00,0.01,4784,0
quant_smtcomp_intersection-example-simple.proof-node519363,UNSAT,0.00,0.01,4800,0
quant_smtcomp_intersection-example-simple.proof-node519597,UNSAT,0.00,0.01,4832,0
quant_smtcomp_intersection-example-simple.proof-node519709,UNSAT,0.00,0.01,4832,0
quant_smtcomp_intersection-example-simple.proof-node519913,UNSAT,0.00,0.01,4752,0
quant_smtcomp_intersection-example-simple.proof-node520175,UNSAT,0.00,0.01,4816,0
quant_smtcomp_intersection-example-simple.proof-node520287,UNSAT,0.00,0.01,4816,0
quant_smtcomp_intersection-example-simple.proof-node52059,UNSAT,0.00,0.01,4832,0
quant_smtcomp_intersection-example-simple.proof-node520839,UNSAT,0.00,0.01,4864,0
quant_smtcomp_intersection-example-simple.proof-node521043,UNSAT,0.00,0.01,4912,0
quant_smtcomp_intersection-example-simple.proof-node521257,UNSAT,0.00,0.01,4848,0
quant_smtcomp_intersection-example-simple.proof-node521369,UNSAT,0.00,0.01,4880,0
quant_smtcomp_intersection-example-simple.proof-node521827,UNSAT,0.00,0.01,4848,0
quant_smtcomp_intersection-example-simple.proof-node522031,UNSAT,0.00,0.01,4912,0
quant_smtcomp_intersection-example-simple.proof-node522245,UNSAT,0.00,0.01,4864,0
quant_smtcomp_intersection-example-simple.proof-node522357,UNSAT,0.00,0.01,4896,0
quant_smtcomp_intersection-example-simple.proof-node522596,UNSAT,0.00,0.01,4848,0
quant_smtcomp_intersection-example-simple.proof-node52268,UNSAT,0.00,0.01,4864,0
quant_smtcomp_intersection-example-simple.proof-node522800,UNSAT,0.00,0.01,4880,0
quant_smtcomp_intersection-example-simple.proof-node523026,UNSAT,0.00,0.01,4848,0
quant_smtcomp_intersection-example-simple.proof-node523495,UNSAT,0.00,0.01,4720,0
quant_smtcomp_intersection-example-simple.proof-node523699,UNSAT,0.00,0.01,4736,0
quant_smtcomp_intersection-example-simple.proof-node52380,UNSAT,0.00,0.01,4880,0
quant_smtcomp_intersection-example-simple.proof-node523913,UNSAT,0.00,0.01,4720,0
quant_smtcomp_intersection-example-simple.proof-node524025,UNSAT,0.00,0.01,4736,0
quant_smtcomp_intersection-example-simple.proof-node524550,UNSAT,0.00,0.01,4480,0
quant_smtcomp_intersection-example-simple.proof-node524764,UNSAT,0.00,0.01,4512,0
quant_smtcomp_intersection-example-simple.proof-node524876,UNSAT,0.00,0.01,4720,0
quant_smtcomp_intersection-example-simple.proof-node52492,UNSAT,0.00,0.01,4896,0
quant_smtcomp_intersection-example-simple.proof-node525212,UNSAT,0.00,0.01,4736,0
quant_smtcomp_intersection-example-simple.proof-node525416,UNSAT,0.00,0.01,4512,0
quant_smtcomp_intersection-example-simple.proof-node525630,UNSAT,0.00,0.01,4512,0
quant_smtcomp_intersection-example-simple.proof-node525742,UNSAT,0.00,0.01,4720,0
quant_smtcomp_intersection-example-simple.proof-node526144,UNSAT,0.00,0.01,4768,0
quant_smtcomp_intersection-example-simple.proof-node526348,UNSAT,0.00,0.01,4752,0
quant_smtcomp_intersection-example-simple.proof-node526562,UNSAT,0.00,0.01,4752,0
quant_smtcomp_intersection-example-simple.proof-node526674,UNSAT,0.00,0.01,4720,0
quant_smtcomp_intersection-example-simple.proof-node527005,UNSAT,0.00,0.01,4784,0
quant_smtcomp_intersection-example-simple.proof-node527413,UNSAT,0.00,0.01,4736,0
quant_smtcomp_intersection-example-simple.proof-node527525,UNSAT,0.00,0.01,4752,0
quant_smtcomp_intersection-example-simple.proof-node527861,UNSAT,0.00,0.01,4768,0
quant_smtcomp_intersection-example-simple.proof-node528065,UNSAT,0.00,0.01,4736,0
quant_smtcomp_intersection-example-simple.proof-node52818,UNSAT,0.00,0.01,4864,0
quant_smtcomp_intersection-example-simple.proof-node528279,UNSAT,0.00,0.01,4768,0
quant_smtcomp_intersection-example-simple.proof-node528391,UNSAT,0.00,0.01,4752,0
quant_smtcomp_intersection-example-simple.proof-node528824,UNSAT,0.00,0.01,4736,0
quant_smtcomp_intersection-example-simple.proof-node529038,UNSAT,0.00,0.01,4720,0
quant_smtcomp_intersection-example-simple.proof-node529150,UNSAT,0.00,0.01,4784,0
quant_smtcomp_intersection-example-simple.proof-node52930,UNSAT,0.00,0.01,4864,0
quant_smtcomp_intersection-example-simple.proof-node529585,UNSAT,0.00,0.01,4864,0
quant_smtcomp_intersection-example-simple.proof-node529697,UNSAT,0.00,0.01,4896,0
quant_smtcomp_intersection-example-simple.proof-node529901,UNSAT,0.00,0.01,4864,0
quant_smtcomp_intersection-example-simple.proof-node530151,UNSAT,0.00,0.01,4880,0
quant_smtcomp_intersection-example-simple.proof-node530263,UNSAT,0.00,0.01,4880,0
quant_smtcomp_intersection-example-simple.proof-node530589,UNSAT,0.00,0.01,4832,0
quant_smtcomp_intersection-example-simple.proof-node530701,UNSAT,0.00,0.01,4848,0
quant_smtcomp_intersection-example-simple.proof-node530905,UNSAT,0.00,0.01,4864,0
quant_smtcomp_intersection-example-simple.proof-node531114,UNSAT,0.00,0.01,4912,0
quant_smtcomp_intersection-example-simple.proof-node531226,UNSAT,0.00,0.01,4864,0
quant_smtcomp_intersection-example-simple.proof-node531338,UNSAT,0.00,0.01,4880,0
quant_smtcomp_intersection-example-simple.proof-node531710,UNSAT,0.00,0.01,4896,0
quant_smtcomp_intersection-example-simple.proof-node531822,UNSAT,0.00,0.01,4864,0
quant_smtcomp_intersection-example-simple.proof-node532026,UNSAT,0.00,0.01,4896,0
quant_smtcomp_intersection-example-simple.proof-node532235,UNSAT,0.00,0.01,4864,0
quant_smtcomp_intersection-example-simple.proof-node5323,UNSAT,0.00,0.01,4736,0
quant_smtcomp_intersection-example-simple.proof-node532347,UNSAT,0.00,0.01,4848,0
quant_smtcomp_intersection-example-simple.proof-node532459,UNSAT,0.00,0.01,4912,0
quant_smtcomp_intersection-example-simple.proof-node532469,UNSAT,0.00,0.01,4944,0
quant_smtcomp_intersection-example-simple.proof-node532551,UNSAT,0.00,0.01,4928,0
quant_smtcomp_intersection-example-simple.proof-node532663,UNSAT,0.00,0.01,4912,0
quant_smtcomp_intersection-example-simple.proof-node532734,UNSAT,0.00,0.01,4736,0
quant_smtcomp_intersection-example-simple.proof-node532816,UNSAT,0.00,0.01,4496,0
quant_smtcomp_intersection-example-simple.proof-node532911,UNSAT,0.00,0.01,4752,0
quant_smtcomp_intersection-example-simple.proof-node533115,UNSAT,0.00,0.01,4752,0
quant_smtcomp_intersection-example-simple.proof-node533329,UNSAT,0.00,0.01,4736,0
quant_smtcomp_intersection-example-simple.proof-node533441,UNSAT,0.00,0.01,4752,0
quant_smtcomp_intersection-example-simple.proof-node533523,UNSAT,0.00,0.01,4752,0
quant_smtcomp_intersection-example-simple.proof-node533605,UNSAT,0.00,0.01,4912,0
quant_smtcomp_intersection-example-simple.proof-node533633,UNSAT,0.00,0.01,4912,0
quant_smtcomp_intersection-example-simple.proof-node533848,UNSAT,0.00,0.01,4896,0
quant_smtcomp_intersection-example-simple.proof-node534052,UNSAT,0.00,0.01,4880,0
quant_smtcomp_intersection-example-simple.proof-node534261,UNSAT,0.00,0.01,4848,0
quant_smtcomp_intersection-example-simple.proof-node534312,UNSAT,0.00,0.01,4880,0
quant_smtcomp_intersection-example-simple.proof-node534610,UNSAT,0.00,0.01,4896,0
quant_smtcomp_intersection-example-simple.proof-node534722,UNSAT,0.00,0.01,4864,0
quant_smtcomp_intersection-example-simple.proof-node534926,UNSAT,0.00,0.01,4896,0
quant_smtcomp_intersection-example-simple.proof-node535135,UNSAT,0.00,0.01,4880,0
quant_smtcomp_intersection-example-simple.proof-node535247,UNSAT,0.00,0.01,4880,0
quant_smtcomp_intersection-example-simple.proof-node535359,UNSAT,0.00,0.01,4816,0
quant_smtcomp_intersection-example-simple.proof-node53539,UNSAT,0.00,0.01,4832,0
quant_smtcomp_intersection-example-simple.proof-node535535,UNSAT,0.00,0.01,4864,0
quant_smtcomp_intersection-example-simple.proof-node535699,UNSAT,0.00,0.01,4960,0
quant_smtcomp_intersection-example-simple.proof-node535942,UNSAT,0.00,0.01,4896,0
quant_smtcomp_intersection-example-simple.proof-node536156,UNSAT,0.00,0.01,4848,0
quant_smtcomp_intersection-example-simple.proof-node536268,UNSAT,0.00,0.01,4880,0
quant_smtcomp_intersection-example-simple.proof-node536350,UNSAT,0.00,0.01,4512,0
quant_smtcomp_intersection-example-simple.proof-node536360,UNSAT,0.00,0.01,4736,0
quant_smtcomp_intersection-example-simple.proof-node536691,UNSAT,0.00,0.01,4736,0
quant_smtcomp_intersection-example-simple.proof-node536895,UNSAT,0.00,0.01,4736,0
quant_smtcomp_intersection-example-simple.proof-node537109,UNSAT,0.00,0.01,4768,0
quant_smtcomp_intersection-example-simple.proof-node537503,UNSAT,0.00,0.01,4736,0
quant_smtcomp_intersection-example-simple.proof-node537707,UNSAT,0.00,0.01,4736,0
quant_smtcomp_intersection-example-simple.proof-node537921,UNSAT,0.00,0.01,4784,0
quant_smtcomp_intersection-example-simple.proof-node538033,UNSAT,0.00,0.01,4768,0
quant_smtcomp_intersection-example-simple.proof-node538272,UNSAT,0.00,0.01,4752,0
quant_smtcomp_intersection-example-simple.proof-node538476,UNSAT,0.00,0.01,4720,0
quant_smtcomp_intersection-example-simple.proof-node53870,UNSAT,0.00,0.01,4864,0
quant_smtcomp_intersection-example-simple.proof-node538702,UNSAT,0.00,0.01,4752,0
quant_smtcomp_intersection-example-simple.proof-node538773,UNSAT,0.00,0.01,4912,0
quant_smtcomp_intersection-example-simple.proof-node538936,UNSAT,0.00,0.01,4960,0
quant_smtcomp_intersection-example-simple.proof-node539048,UNSAT,0.00,0.01,4960,0
quant_smtcomp_intersection-example-simple.proof-node539275,UNSAT,0.00,0.01,4752,0
quant_smtcomp_intersection-example-simple.proof-node539479,UNSAT,0.00,0.01,4736,0
quant_smtcomp_intersection-example-simple.proof-node539693,UNSAT,0.00,0.01,4736,0
quant_smtcomp_intersection-example-simple.proof-node539805,UNSAT,0.00,0.01,4752,0
quant_smtcomp_intersection-example-simple.proof-node53982,UNSAT,0.00,0.01,4896,0
quant_smtcomp_intersection-example-simple.proof-node539991,UNSAT,0.00,0.01,4512,0
quant_smtcomp_intersection-example-simple.proof-node540121,UNSAT,0.00,0.01,4864,0
quant_smtcomp_intersection-example-simple.proof-node540360,UNSAT,0.00,0.01,4944,0
quant_smtcomp_intersection-example-simple.proof-node540564,UNSAT,0.00,0.01,4896,0
quant_smtcomp_intersection-example-simple.proof-node540778,UNSAT,0.00,0.01,4928,0
quant_smtcomp_intersection-example-simple.proof-node540890,UNSAT,0.00,0.01,4928,0
quant_smtcomp_intersection-example-simple.proof-node541076,UNSAT,0.00,0.01,4944,0
quant_smtcomp_intersection-example-simple.proof-node541188,UNSAT,0.00,0.01,4752,0
quant_smtcomp_intersection-example-simple.proof-node541306,UNSAT,0.00,0.01,4736,0
quant_smtcomp_intersection-example-simple.proof-node541551,UNSAT,0.00,0.01,4784,0
quant_smtcomp_intersection-example-simple.proof-node541755,UNSAT,0.00,0.01,4752,0
quant_smtcomp_intersection-example-simple.proof-node541964,UNSAT,0.00,0.01,4768,0
quant_smtcomp_intersection-example-simple.proof-node542076,UNSAT,0.00,0.01,4720,0
quant_smtcomp_intersection-example-simple.proof-node542188,UNSAT,0.00,0.01,4720,0
quant_smtcomp_intersection-example-simple.proof-node542259,UNSAT,0.00,0.01,4720,0
quant_smtcomp_intersection-example-simple.proof-node542318,UNSAT,0.00,0.01,4752,0
quant_smtcomp_intersection-example-simple.proof-node542346,UNSAT,0.00,0.01,4736,0
quant_smtcomp_intersection-example-simple.proof-node542555,UNSAT,0.00,0.01,4752,0
quant_smtcomp_intersection-example-simple.proof-node542759,UNSAT,0.00,0.01,4736,0
quant_smtcomp_intersection-example-simple.proof-node542985,UNSAT,0.00,0.01,4752,0
quant_smtcomp_intersection-example-simple.proof-node543067,UNSAT,0.00,0.01,4896,0
quant_smtcomp_intersection-example-simple.proof-node543077,UNSAT,0.00,0.01,4912,0
quant_smtcomp_intersection-example-simple.proof-node543408,UNSAT,0.00,0.01,4944,0
quant_smtcomp_intersection-example-simple.proof-node543612,UNSAT,0.00,0.01,4912,0
quant_smtcomp_intersection-example-simple.proof-node543826,UNSAT,0.00,0.01,4960,0
quant_smtcomp_intersection-example-simple.proof-node543938,UNSAT,0.00,0.01,5040,0
quant_smtcomp_intersection-example-simple.proof-node544279,UNSAT,0.00,0.01,4928,0
quant_smtcomp_intersection-example-simple.proof-node544510,UNSAT,0.00,0.01,4928,0
quant_smtcomp_intersection-example-simple.proof-node544622,UNSAT,0.00,0.01,4928,0
quant_smtcomp_intersection-example-simple.proof-node544861,UNSAT,0.00,0.01,4944,0
quant_smtcomp_intersection-example-simple.proof-node545065,UNSAT,0.00,0.01,4960,0
quant_smtcomp_intersection-example-simple.proof-node545279,UNSAT,0.00,0.01,4960,0
quant_smtcomp_intersection-example-simple.proof-node545391,UNSAT,0.00,0.01,4944,0
quant_smtcomp_intersection-example-simple.proof-node545491,UNSAT,0.00,0.01,4736,0
quant_smtcomp_intersection-example-simple.proof-node545531,UNSAT,0.00,0.01,4768,0
quant_smtcomp_intersection-example-simple.proof-node545613,UNSAT,0.00,0.01,4768,0
quant_smtcomp_intersection-example-simple.proof-node545684,UNSAT,0.00,0.01,4720,0
quant_smtcomp_intersection-example-simple.proof-node545924,UNSAT,0.00,0.01,4976,0
quant_smtcomp_intersection-example-simple.proof-node546128,UNSAT,0.00,0.01,4944,0
quant_smtcomp_intersection-example-simple.proof-node54619,UNSAT,0.00,0.01,4880,0
quant_smtcomp_intersection-example-simple.proof-node546342,UNSAT,0.00,0.01,4944,0
quant_smtcomp_intersection-example-simple.proof-node546454,UNSAT,0.00,0.01,4880,0
quant_smtcomp_intersection-example-simple.proof-node546554,UNSAT,0.00,0.01,4848,0
quant_smtcomp_intersection-example-simple.proof-node546564,UNSAT,0.00,0.01,4736,0
quant_smtcomp_intersection-example-simple.proof-node546773,UNSAT,0.00,0.01,4752,0
quant_smtcomp_intersection-example-simple.proof-node546977,UNSAT,0.00,0.01,4720,0
quant_smtcomp_intersection-example-simple.proof-node547244,UNSAT,0.00,0.01,4752,0
quant_smtcomp_intersection-example-simple.proof-node547254,UNSAT,0.00,0.01,4752,0
quant_smtcomp_intersection-example-simple.proof-node547264,UNSAT,0.00,0.01,4752,0
quant_smtcomp_intersection-example-simple.proof-node547335,UNSAT,0.00,0.01,4832,0
quant_smtcomp_intersection-example-simple.proof-node547528,UNSAT,0.00,0.01,4896,0
quant_smtcomp_intersection-example-simple.proof-node547640,UNSAT,0.00,0.01,4864,0
quant_smtcomp_intersection-example-simple.proof-node547844,UNSAT,0.00,0.01,4896,0
quant_smtcomp_intersection-example-simple.proof-node548053,UNSAT,0.00,0.01,4864,0
quant_smtcomp_intersection-example-simple.proof-node548165,UNSAT,0.00,0.01,4848,0
quant_smtcomp_intersection-example-simple.proof-node548277,UNSAT,0.00,0.01,4896,0
quant_smtcomp_intersection-example-simple.proof-node548287,UNSAT,0.00,0.01,4864,0
quant_smtcomp_intersection-example-simple.proof-node548485,UNSAT,0.00,0.01,4848,0
quant_smtcomp_intersection-example-simple.proof-node54865,UNSAT,0.00,0.01,4864,0
quant_smtcomp_intersection-example-simple.proof-node548779,UNSAT,0.00,0.01,4864,0
quant_smtcomp_intersection-example-simple.proof-node548891,UNSAT,0.00,0.01,4864,0
quant_smtcomp_intersection-example-simple.proof-node548973,UNSAT,0.00,0.01,4864,0
quant_smtcomp_intersection-example-simple.proof-node549073,UNSAT,0.00,0.01,4768,0
quant_smtcomp_intersection-example-simple.proof-node549277,UNSAT,0.00,0.01,4800,0
quant_smtcomp_intersection-example-simple.proof-node549491,UNSAT,0.00,0.01,4800,0
quant_smtcomp_intersection-example-simple.proof-node549603,UNSAT,0.00,0.01,4800,0
quant_smtcomp_intersection-example-simple.proof-node549685,UNSAT,0.00,0.01,4768,0
quant_smtcomp_intersection-example-simple.proof-node549695,UNSAT,0.00,0.01,4800,0
quant_smtcomp_intersection-example-simple.proof-node549899,UNSAT,0.00,0.01,4768,0
quant_smtcomp_intersection-example-simple.proof-node550097,UNSAT,0.00,0.01,4768,0
quant_smtcomp_intersection-example-simple.proof-node550179,UNSAT,0.00,0.01,4816,0
quant_smtcomp_intersection-example-simple.proof-node550261,UNSAT,0.00,0.01,4880,0
quant_smtcomp_intersection-example-simple.proof-node550289,UNSAT,0.00,0.01,4864,0
quant_smtcomp_intersection-example-simple.proof-node550504,UNSAT,0.00,0.01,4864,0
quant_smtcomp_intersection-example-simple.proof-node55069,UNSAT,0.00,0.01,4896,0
quant_smtcomp_intersection-example-simple.proof-node550708,UNSAT,0.00,0.01,4912,0
quant_smtcomp_intersection-example-simple.proof-node550917,UNSAT,0.00,0.01,4848,0
quant_smtcomp_intersection-example-simple.proof-node551029,UNSAT,0.00,0.01,4848,0
quant_smtcomp_intersection-example-simple.proof-node551039,UNSAT,0.00,0.01,4848,0
quant_smtcomp_intersection-example-simple.proof-node551337,UNSAT,0.00,0.01,4896,0
quant_smtcomp_intersection-example-simple.proof-node551594,UNSAT,0.00,0.01,4896,0
quant_smtcomp_intersection-example-simple.proof-node551803,UNSAT,0.00,0.01,4848,0
quant_smtcomp_intersection-example-simple.proof-node551915,UNSAT,0.00,0.01,4880,0
quant_smtcomp_intersection-example-simple.proof-node552027,UNSAT,0.00,0.01,4864,0
quant_smtcomp_intersection-example-simple.proof-node552203,UNSAT,0.00,0.01,4912,0
quant_smtcomp_intersection-example-simple.proof-node552755,UNSAT,0.00,0.01,4960,0
quant_smtcomp_intersection-example-simple.proof-node55278,UNSAT,0.00,0.01,4880,0
quant_smtcomp_intersection-example-simple.proof-node553061,UNSAT,0.00,0.01,4912,0
quant_smtcomp_intersection-example-simple.proof-node553173,UNSAT,0.00,0.01,4864,0
quant_smtcomp_intersection-example-simple.proof-node553504,UNSAT,0.00,0.01,4928,0
quant_smtcomp_intersection-example-simple.proof-node553708,UNSAT,0.00,0.01,4928,0
quant_smtcomp_intersection-example-simple.proof-node55390,UNSAT,0.00,0.01,4912,0
quant_smtcomp_intersection-example-simple.proof-node553922,UNSAT,0.00,0.01,4976,0
quant_smtcomp_intersection-example-simple.proof-node554034,UNSAT,0.00,0.01,4912,0
quant_smtcomp_intersection-example-simple.proof-node554479,UNSAT,0.00,0.01,4944,0
quant_smtcomp_intersection-example-simple.proof-node554693,UNSAT,0.00,0.01,4880,0
quant_smtcomp_intersection-example-simple.proof-node554805,UNSAT,0.00,0.01,4832,0
quant_smtcomp_intersection-example-simple.proof-node55502,UNSAT,0.00,0.01,4880,0
quant_smtcomp_intersection-example-simple.proof-node555044,UNSAT,0.00,0.01,4864,0
quant_smtcomp_intersection-example-simple.proof-node555248,UNSAT,0.00,0.01,4912,0
quant_smtcomp_intersection-example-simple.proof-node555462,UNSAT,0.00,0.01,4848,0
quant_smtcomp_intersection-example-simple.proof-node555574,UNSAT,0.00,0.01,4912,0
quant_smtcomp_intersection-example-simple.proof-node556078,UNSAT,0.00,0.01,4752,0
quant_smtcomp_intersection-example-simple.proof-node556282,UNSAT,0.00,0.01,4784,0
quant_smtcomp_intersection-example-simple.proof-node556496,UNSAT,0.00,0.01,4752,0
quant_smtcomp_intersection-example-simple.proof-node556608,UNSAT,0.00,0.01,4720,0
quant_smtcomp_intersection-example-simple.proof-node556939,UNSAT,0.00,0.01,4704,0
quant_smtcomp_intersection-example-simple.proof-node557143,UNSAT,0.00,0.01,4736,0
quant_smtcomp_intersection-example-simple.proof-node557484,UNSAT,0.00,0.01,4736,0
quant_smtcomp_intersection-example-simple.proof-node557688,UNSAT,0.00,0.01,4752,0
quant_smtcomp_intersection-example-simple.proof-node557902,UNSAT,0.00,0.01,4720,0
quant_smtcomp_intersection-example-simple.proof-node558014,UNSAT,0.00,0.01,4720,0
quant_smtcomp_intersection-example-simple.proof-node558253,UNSAT,0.00,0.01,4736,0
quant_smtcomp_intersection-example-simple.proof-node558457,UNSAT,0.00,0.01,4736,0
quant_smtcomp_intersection-example-simple.proof-node558683,UNSAT,0.00,0.01,4784,0
quant_smtcomp_intersection-example-simple.proof-node559112,UNSAT,0.00,0.04,4880,0
quant_smtcomp_intersection-example-simple.proof-node559224,UNSAT,0.00,0.04,4912,0
quant_smtcomp_intersection-example-simple.proof-node559428,UNSAT,0.00,0.03,4928,0
quant_smtcomp_intersection-example-simple.proof-node559637,UNSAT,0.00,0.01,4912,0
quant_smtcomp_intersection-example-simple.proof-node559749,UNSAT,0.00,0.01,4880,0
quant_smtcomp_intersection-example-simple.proof-node55979,UNSAT,0.00,0.01,4864,0
quant_smtcomp_intersection-example-simple.proof-node559861,UNSAT,0.00,0.01,4912,0
quant_smtcomp_intersection-example-simple.proof-node560330,UNSAT,0.00,0.01,4864,0
quant_smtcomp_intersection-example-simple.proof-node560442,UNSAT,0.00,0.01,4896,0
quant_smtcomp_intersection-example-simple.proof-node560646,UNSAT,0.00,0.01,4896,0
quant_smtcomp_intersection-example-simple.proof-node560855,UNSAT,0.00,0.01,4864,0
quant_smtcomp_intersection-example-simple.proof-node560967,UNSAT,0.00,0.01,4896,0
quant_smtcomp_intersection-example-simple.proof-node561079,UNSAT,0.00,0.01,4864,0
quant_smtcomp_intersection-example-simple.proof-node561313,UNSAT,0.00,0.01,4928,0
quant_smtcomp_intersection-example-simple.proof-node561425,UNSAT,0.00,0.01,4928,0
quant_smtcomp_intersection-example-simple.proof-node561651,UNSAT,0.00,0.01,4848,0
quant_smtcomp_intersection-example-simple.proof-node561763,UNSAT,0.00,0.01,4912,0
quant_smtcomp_intersection-example-simple.proof-node56183,UNSAT,0.00,0.01,4896,0
quant_smtcomp_intersection-example-simple.proof-node561875,UNSAT,0.00,0.01,4880,0
quant_smtcomp_intersection-example-simple.proof-node562460,UNSAT,0.00,0.01,4752,0
quant_smtcomp_intersection-example-simple.proof-node562664,UNSAT,0.00,0.01,4736,0
quant_smtcomp_intersection-example-simple.proof-node562878,UNSAT,0.00,0.01,4720,0
quant_smtcomp_intersection-example-simple.proof-node56312,UNSAT,0.00,0.01,4896,0
quant_smtcomp_intersection-example-simple.proof-node563221,UNSAT,0.00,0.01,4736,0
quant_smtcomp_intersection-example-simple.proof-node563425,UNSAT,0.00,0.01,4480,0
quant_smtcomp_intersection-example-simple.proof-node563639,UNSAT,0.00,0.01,4512,0
quant_smtcomp_intersection-example-simple.proof-node563751,UNSAT,0.00,0.01,4768,0
quant_smtcomp_intersection-example-simple.proof-node564092,UNSAT,0.00,0.01,4720,0
quant_smtcomp_intersection-example-simple.proof-node564296,UNSAT,0.00,0.01,4496,0
quant_smtcomp_intersection-example-simple.proof-node564436,UNSAT,0.00,0.01,4768,0
quant_smtcomp_intersection-example-simple.proof-node564675,UNSAT,0.00,0.01,4720,0
quant_smtcomp_intersection-example-simple.proof-node564879,UNSAT,0.00,0.01,4752,0
quant_smtcomp_intersection-example-simple.proof-node565093,UNSAT,0.00,0.01,4768,0
quant_smtcomp_intersection-example-simple.proof-node565205,UNSAT,0.00,0.01,4736,0
quant_smtcomp_intersection-example-simple.proof-node56551,UNSAT,0.00,0.01,4880,0
quant_smtcomp_intersection-example-simple.proof-node565668,UNSAT,0.00,0.01,4848,0
quant_smtcomp_intersection-example-simple.proof-node565974,UNSAT,0.00,0.01,4880,0
quant_smtcomp_intersection-example-simple.proof-node566086,UNSAT,0.00,0.01,4864,0
quant_smtcomp_intersection-example-simple.proof-node566417,UNSAT,0.00,0.01,4864,0
quant_smtcomp_intersection-example-simple.proof-node566621,UNSAT,0.00,0.01,4880,0
quant_smtcomp_intersection-example-simple.proof-node566835,UNSAT,0.00,0.01,4880,0
quant_smtcomp_intersection-example-simple.proof-node566947,UNSAT,0.00,0.01,4848,0
quant_smtcomp_intersection-example-simple.proof-node567392,UNSAT,0.00,0.01,4880,0
quant_smtcomp_intersection-example-simple.proof-node56755,UNSAT,0.00,0.01,4896,0
quant_smtcomp_intersection-example-simple.proof-node567606,UNSAT,0.00,0.01,4912,0
quant_smtcomp_intersection-example-simple.proof-node567718,UNSAT,0.00,0.01,4912,0
quant_smtcomp_intersection-example-simple.proof-node567957,UNSAT,0.00,0.01,4864,0
quant_smtcomp_intersection-example-simple.proof-node568161,UNSAT,0.00,0.01,4848,0
quant_smtcomp_intersection-example-simple.proof-node568375,UNSAT,0.00,0.01,4880,0
quant_smtcomp_intersection-example-simple.proof-node568487,UNSAT,0.00,0.01,4912,0
quant_smtcomp_intersection-example-simple.proof-node568945,UNSAT,0.00,0.01,4944,0
quant_smtcomp_intersection-example-simple.proof-node569149,UNSAT,0.00,0.01,4896,0
quant_smtcomp_intersection-example-simple.proof-node569363,UNSAT,0.00,0.01,4880,0
quant_smtcomp_intersection-example-simple.proof-node569475,UNSAT,0.00,0.01,4928,0
quant_smtcomp_intersection-example-simple.proof-node56969,UNSAT,0.00,0.01,4864,0
quant_smtcomp_intersection-example-simple.proof-node569816,UNSAT,0.00,0.01,4928,0
quant_smtcomp_intersection-example-simple.proof-node570020,UNSAT,0.00,0.01,4880,0
quant_smtcomp_intersection-example-simple.proof-node570160,UNSAT,0.00,0.01,4944,0
quant_smtcomp_intersection-example-simple.proof-node570399,UNSAT,0.00,0.01,4912,0
quant_smtcomp_intersection-example-simple.proof-node570603,UNSAT,0.00,0.01,4912,0
quant_smtcomp_intersection-example-simple.proof-node57081,UNSAT,0.00,0.01,4896,0
quant_smtcomp_intersection-example-simple.proof-node570817,UNSAT,0.00,0.01,4976,0
quant_smtcomp_intersection-example-simple.proof-node570929,UNSAT,0.00,0.01,4912,0
quant_smtcomp_intersection-example-simple.proof-node571365,UNSAT,0.00,0.01,4768,0
quant_smtcomp_intersection-example-simple.proof-node571666,UNSAT,0.00,0.01,4720,0
quant_smtcomp_intersection-example-simple.proof-node571778,UNSAT,0.00,0.01,4736,0
quant_smtcomp_intersection-example-simple.proof-node572115,UNSAT,0.00,0.01,4736,0
quant_smtcomp_intersection-example-simple.proof-node572319,UNSAT,0.00,0.01,4528,0
quant_smtcomp_intersection-example-simple.proof-node572528,UNSAT,0.00,0.01,4480,0
quant_smtcomp_intersection-example-simple.proof-node572640,UNSAT,0.00,0.01,4720,0
quant_smtcomp_intersection-example-simple.proof-node573073,UNSAT,0.00,0.01,4496,0
quant_smtcomp_intersection-example-simple.proof-node573282,UNSAT,0.00,0.01,4480,0
quant_smtcomp_intersection-example-simple.proof-node573394,UNSAT,0.00,0.01,4736,0
quant_smtcomp_intersection-example-simple.proof-node573639,UNSAT,0.00,0.01,4736,0
quant_smtcomp_intersection-example-simple.proof-node573843,UNSAT,0.00,0.01,4736,0
quant_smtcomp_intersection-example-simple.proof-node574052,UNSAT,0.00,0.01,4752,0
quant_smtcomp_intersection-example-simple.proof-node57412,UNSAT,0.00,0.01,4896,0
quant_smtcomp_intersection-example-simple.proof-node574164,UNSAT,0.00,0.01,4752,0
quant_smtcomp_intersection-example-simple.proof-node574600,UNSAT,0.00,0.01,4784,0
quant_smtcomp_intersection-example-simple.proof-node574712,UNSAT,0.00,0.01,4752,0
quant_smtcomp_intersection-example-simple.proof-node574916,UNSAT,0.00,0.01,4800,0
quant_smtcomp_intersection-example-simple.proof-node575125,UNSAT,0.00,0.01,4768,0
quant_smtcomp_intersection-example-simple.proof-node575237,UNSAT,0.00,0.01,4768,0
quant_smtcomp_intersection-example-simple.proof-node575349,UNSAT,0.00,0.01,4800,0
quant_smtcomp_intersection-example-simple.proof-node575685,UNSAT,0.00,0.01,4800,0
quant_smtcomp_intersection-example-simple.proof-node575930,UNSAT,0.00,0.01,4800,0
quant_smtcomp_intersection-example-simple.proof-node576139,UNSAT,0.00,0.01,4768,0
quant_smtcomp_intersection-example-simple.proof-node576251,UNSAT,0.00,0.01,4800,0
quant_smtcomp_intersection-example-simple.proof-node576363,UNSAT,0.00,0.01,4768,0
quant_smtcomp_intersection-example-simple.proof-node576597,UNSAT,0.00,0.01,4784,0
quant_smtcomp_intersection-example-simple.proof-node576709,UNSAT,0.00,0.01,4800,0
quant_smtcomp_intersection-example-simple.proof-node576913,UNSAT,0.00,0.01,4784,0
quant_smtcomp_intersection-example-simple.proof-node577122,UNSAT,0.00,0.01,4800,0
quant_smtcomp_intersection-example-simple.proof-node577287,UNSAT,0.00,0.01,4800,0
quant_smtcomp_intersection-example-simple.proof-node57745,UNSAT,0.00,0.01,4864,0
quant_smtcomp_intersection-example-simple.proof-node577775,UNSAT,0.00,0.01,4768,0
quant_smtcomp_intersection-example-simple.proof-node577979,UNSAT,0.00,0.01,4720,0
quant_smtcomp_intersection-example-simple.proof-node578193,UNSAT,0.00,0.01,4768,0
quant_smtcomp_intersection-example-simple.proof-node578305,UNSAT,0.00,0.01,4736,0
quant_smtcomp_intersection-example-simple.proof-node578812,UNSAT,0.00,0.01,4736,0
quant_smtcomp_intersection-example-simple.proof-node579026,UNSAT,0.00,0.01,4752,0
quant_smtcomp_intersection-example-simple.proof-node579138,UNSAT,0.00,0.01,4736,0
quant_smtcomp_intersection-example-simple.proof-node579479,UNSAT,0.00,0.01,4720,0
quant_smtcomp_intersection-example-simple.proof-node579683,UNSAT,0.00,0.01,4736,0
quant_smtcomp_intersection-example-simple.proof-node579897,UNSAT,0.00,0.01,4720,0
quant_smtcomp_intersection-example-simple.proof-node580009,UNSAT,0.00,0.01,4736,0
quant_smtcomp_intersection-example-simple.proof-node580502,UNSAT,0.00,0.01,4928,0
quant_smtcomp_intersection-example-simple.proof-node580706,UNSAT,0.00,0.01,4944,0
quant_smtcomp_intersection-example-simple.proof-node58081,UNSAT,0.00,0.01,4864,0
quant_smtcomp_intersection-example-simple.proof-node580920,UNSAT,0.00,0.01,4912,0
quant_smtcomp_intersection-example-simple.proof-node581032,UNSAT,0.00,0.01,4960,0
quant_smtcomp_intersection-example-simple.proof-node581363,UNSAT,0.00,0.01,4928,0
quant_smtcomp_intersection-example-simple.proof-node581699,UNSAT,0.00,0.01,4912,0
quant_smtcomp_intersection-example-simple.proof-node581811,UNSAT,0.00,0.01,4864,0
quant_smtcomp_intersection-example-simple.proof-node582152,UNSAT,0.00,0.01,4928,0
quant_smtcomp_intersection-example-simple.proof-node582356,UNSAT,0.00,0.01,4880,0
quant_smtcomp_intersection-example-simple.proof-node582570,UNSAT,0.00,0.01,4880,0
quant_smtcomp_intersection-example-simple.proof-node582682,UNSAT,0.00,0.01,4896,0
quant_smtcomp_intersection-example-simple.proof-node583115,UNSAT,0.00,0.01,4896,0
quant_smtcomp_intersection-example-simple.proof-node583329,UNSAT,0.00,0.01,4928,0
quant_smtcomp_intersection-example-simple.proof-node583441,UNSAT,0.00,0.01,4928,0
quant_smtcomp_intersection-example-simple.proof-node583807,UNSAT,0.00,0.01,4928,0
quant_smtcomp_intersection-example-simple.proof-node584011,UNSAT,0.00,0.01,4960,0
quant_smtcomp_intersection-example-simple.proof-node584225,UNSAT,0.00,0.01,4944,0
quant_smtcomp_intersection-example-simple.proof-node584337,UNSAT,0.00,0.01,4960,0
quant_smtcomp_intersection-example-simple.proof-node584773,UNSAT,0.00,0.01,4752,0
quant_smtcomp_intersection-example-simple.proof-node584977,UNSAT,0.00,0.01,4736,0
quant_smtcomp_intersection-example-simple.proof-node585186,UNSAT,0.00,0.01,4736,0
quant_smtcomp_intersection-example-simple.proof-node585298,UNSAT,0.00,0.01,4784,0
quant_smtcomp_intersection-example-simple.proof-node5853,UNSAT,0.00,0.01,4752,0
quant_smtcomp_intersection-example-simple.proof-node585635,UNSAT,0.00,0.01,4736,0
quant_smtcomp_intersection-example-simple.proof-node585948,UNSAT,0.00,0.01,4752,0
quant_smtcomp_intersection-example-simple.proof-node586060,UNSAT,0.00,0.01,4752,0
quant_smtcomp_intersection-example-simple.proof-node58611,UNSAT,0.00,0.01,4928,0
quant_smtcomp_intersection-example-simple.proof-node586407,UNSAT,0.00,0.01,4736,0
quant_smtcomp_intersection-example-simple.proof-node586611,UNSAT,0.00,0.01,4736,0
quant_smtcomp_intersection-example-simple.proof-node586820,UNSAT,0.00,0.01,4736,0
quant_smtcomp_intersection-example-simple.proof-node586932,UNSAT,0.00,0.01,4720,0
quant_smtcomp_intersection-example-simple.proof-node587341,UNSAT,0.00,0.01,4736,0
quant_smtcomp_intersection-example-simple.proof-node587550,UNSAT,0.00,0.01,4736,0
quant_smtcomp_intersection-example-simple.proof-node587662,UNSAT,0.00,0.01,4752,0
quant_smtcomp_intersection-example-simple.proof-node588017,UNSAT,0.00,0.01,4800,0
quant_smtcomp_intersection-example-simple.proof-node588129,UNSAT,0.00,0.01,4832,0
quant_smtcomp_intersection-example-simple.proof-node588333,UNSAT,0.00,0.01,4784,0
quant_smtcomp_intersection-example-simple.proof-node58850,UNSAT,0.00,0.01,4896,0
quant_smtcomp_intersection-example-simple.proof-node588542,UNSAT,0.00,0.01,4800,0
quant_smtcomp_intersection-example-simple.proof-node588684,UNSAT,0.00,0.01,4752,0
quant_smtcomp_intersection-example-simple.proof-node589010,UNSAT,0.00,0.01,4768,0
quant_smtcomp_intersection-example-simple.proof-node589122,UNSAT,0.00,0.01,4768,0
quant_smtcomp_intersection-example-simple.proof-node589326,UNSAT,0.00,0.01,4752,0
quant_smtcomp_intersection-example-simple.proof-node589535,UNSAT,0.00,0.01,4768,0
quant_smtcomp_intersection-example-simple.proof-node589647,UNSAT,0.00,0.01,4800,0
quant_smtcomp_intersection-example-simple.proof-node589759,UNSAT,0.00,0.01,4800,0
quant_smtcomp_intersection-example-simple.proof-node590136,UNSAT,0.00,0.01,4768,0
quant_smtcomp_intersection-example-simple.proof-node590340,UNSAT,0.00,0.01,4800,0
quant_smtcomp_intersection-example-simple.proof-node590549,UNSAT,0.00,0.01,4768,0
quant_smtcomp_intersection-example-simple.proof-node590661,UNSAT,0.00,0.01,4784,0
quant_smtcomp_intersection-example-simple.proof-node590773,UNSAT,0.00,0.01,4800,0
quant_smtcomp_intersection-example-simple.proof-node591007,UNSAT,0.00,0.01,4800,0
quant_smtcomp_intersection-example-simple.proof-node591119,UNSAT,0.00,0.01,4784,0
quant_smtcomp_intersection-example-simple.proof-node591323,UNSAT,0.00,0.01,4832,0
quant_smtcomp_intersection-example-simple.proof-node591585,UNSAT,0.00,0.01,4768,0
quant_smtcomp_intersection-example-simple.proof-node591697,UNSAT,0.00,0.01,4784,0
quant_smtcomp_intersection-example-simple.proof-node59183,UNSAT,0.00,0.01,4848,0
quant_smtcomp_intersection-example-simple.proof-node592249,UNSAT,0.00,0.01,4848,0
quant_smtcomp_intersection-example-simple.proof-node592453,UNSAT,0.00,0.01,4880,0
quant_smtcomp_intersection-example-simple.proof-node592667,UNSAT,0.00,0.01,4848,0
quant_smtcomp_intersection-example-simple.proof-node592779,UNSAT,0.00,0.01,4880,0
quant_smtcomp_intersection-example-simple.proof-node593237,UNSAT,0.00,0.01,4864,0
quant_smtcomp_intersection-example-simple.proof-node593441,UNSAT,0.00,0.01,4928,0
quant_smtcomp_intersection-example-simple.proof-node593655,UNSAT,0.00,0.01,4864,0
quant_smtcomp_intersection-example-simple.proof-node593767,UNSAT,0.00,0.01,4848,0
quant_smtcomp_intersection-example-simple.proof-node594006,UNSAT,0.00,0.01,4880,0
quant_smtcomp_intersection-example-simple.proof-node594210,UNSAT,0.00,0.01,4896,0
quant_smtcomp_intersection-example-simple.proof-node59422,UNSAT,0.00,0.01,4880,0
quant_smtcomp_intersection-example-simple.proof-node594436,UNSAT,0.00,0.01,4912,0
quant_smtcomp_intersection-example-simple.proof-node594905,UNSAT,0.00,0.01,4736,0
quant_smtcomp_intersection-example-simple.proof-node595109,UNSAT,0.00,0.01,4736,0
quant_smtcomp_intersection-example-simple.proof-node595323,UNSAT,0.00,0.01,4720,0
quant_smtcomp_intersection-example-simple.proof-node595435,UNSAT,0.00,0.01,4768,0
quant_smtcomp_intersection-example-simple.proof-node595960,UNSAT,0.00,0.01,4512,0
quant_smtcomp_intersection-example-simple.proof-node596174,UNSAT,0.00,0.01,4512,0
quant_smtcomp_intersection-example-simple.proof-node59626,UNSAT,0.00,0.01,4832,0
quant_smtcomp_intersection-example-simple.proof-node596286,UNSAT,0.00,0.01,4752,0
quant_smtcomp_intersection-example-simple.proof-node596622,UNSAT,0.00,0.01,4768,0
quant_smtcomp_intersection-example-simple.proof-node596826,UNSAT,0.00,0.01,4480,0
quant_smtcomp_intersection-example-simple.proof-node597040,UNSAT,0.00,0.01,4512,0
quant_smtcomp_intersection-example-simple.proof-node597152,UNSAT,0.00,0.01,4768,0
quant_smtcomp_intersection-example-simple.proof-node597554,UNSAT,0.00,0.01,4752,0
quant_smtcomp_intersection-example-simple.proof-node597758,UNSAT,0.00,0.01,4720,0
quant_smtcomp_intersection-example-simple.proof-node597972,UNSAT,0.00,0.01,4784,0
quant_smtcomp_intersection-example-simple.proof-node598084,UNSAT,0.00,0.01,4800,0
quant_smtcomp_intersection-example-simple.proof-node59840,UNSAT,0.00,0.01,4864,0
quant_smtcomp_intersection-example-simple.proof-node598415,UNSAT,0.00,0.01,4752,0
quant_smtcomp_intersection-example-simple.proof-node598823,UNSAT,0.00,0.01,4736,0
quant_smtcomp_intersection-example-simple.proof-node598935,UNSAT,0.00,0.01,4736,0
quant_smtcomp_intersection-example-simple.proof-node599271,UNSAT,0.00,0.01,4736,0
quant_smtcomp_intersection-example-simple.proof-node599475,UNSAT,0.00,0.01,4736,0
quant_smtcomp_intersection-example-simple.proof-node59952,UNSAT,0.00,0.01,4864,0
quant_smtcomp_intersection-example-simple.proof-node599689,UNSAT,0.00,0.01,4736,0
quant_smtcomp_intersection-example-simple.proof-node599801,UNSAT,0.00,0.01,4720,0
quant_smtcomp_intersection-example-simple.proof-node600234,UNSAT,0.00,0.01,4800,0
quant_smtcomp_intersection-example-simple.proof-node600448,UNSAT,0.00,0.01,4752,0
quant_smtcomp_intersection-example-simple.proof-node600560,UNSAT,0.00,0.01,4736,0
quant_smtcomp_intersection-example-simple.proof-node600995,UNSAT,0.00,0.01,4912,0
quant_smtcomp_intersection-example-simple.proof-node601107,UNSAT,0.00,0.01,4896,0
quant_smtcomp_intersection-example-simple.proof-node601311,UNSAT,0.00,0.01,4864,0
quant_smtcomp_intersection-example-simple.proof-node601561,UNSAT,0.00,0.01,4864,0
quant_smtcomp_intersection-example-simple.proof-node601673,UNSAT,0.00,0.01,4896,0
quant_smtcomp_intersection-example-simple.proof-node601999,UNSAT,0.00,0.01,4848,0
quant_smtcomp_intersection-example-simple.proof-node602111,UNSAT,0.00,0.01,4880,0
quant_smtcomp_intersection-example-simple.proof-node602315,UNSAT,0.00,0.01,4912,0
quant_smtcomp_intersection-example-simple.proof-node602524,UNSAT,0.00,0.01,4848,0
quant_smtcomp_intersection-example-simple.proof-node602636,UNSAT,0.00,0.01,4864,0
quant_smtcomp_intersection-example-simple.proof-node602748,UNSAT,0.00,0.01,4896,0
quant_smtcomp_intersection-example-simple.proof-node603120,UNSAT,0.00,0.01,4832,0
quant_smtcomp_intersection-example-simple.proof-node603232,UNSAT,0.00,0.01,4912,0
quant_smtcomp_intersection-example-simple.proof-node603436,UNSAT,0.00,0.01,4928,0
quant_smtcomp_intersection-example-simple.proof-node603645,UNSAT,0.00,0.01,4864,0
quant_smtcomp_intersection-example-simple.proof-node603757,UNSAT,0.00,0.01,4864,0
quant_smtcomp_intersection-example-simple.proof-node603869,UNSAT,0.00,0.01,4896,0
quant_smtcomp_intersection-example-simple.proof-node603879,UNSAT,0.00,0.01,4928,0
quant_smtcomp_intersection-example-simple.proof-node603961,UNSAT,0.00,0.01,4944,0
quant_smtcomp_intersection-example-simple.proof-node604073,UNSAT,0.00,0.01,4896,0
quant_smtcomp_intersection-example-simple.proof-node60410,UNSAT,0.00,0.01,4832,0
quant_smtcomp_intersection-example-simple.proof-node604144,UNSAT,0.00,0.01,4720,0
quant_smtcomp_intersection-example-simple.proof-node604226,UNSAT,0.00,0.01,4496,0
quant_smtcomp_intersection-example-simple.proof-node604321,UNSAT,0.00,0.01,4720,0
quant_smtcomp_intersection-example-simple.proof-node604525,UNSAT,0.00,0.01,4752,0
quant_smtcomp_intersection-example-simple.proof-node604739,UNSAT,0.00,0.01,4768,0
quant_smtcomp_intersection-example-simple.proof-node604851,UNSAT,0.00,0.01,4768,0
quant_smtcomp_intersection-example-simple.proof-node604933,UNSAT,0.00,0.01,4752,0
quant_smtcomp_intersection-example-simple.proof-node605015,UNSAT,0.00,0.01,4880,0
quant_smtcomp_intersection-example-simple.proof-node605043,UNSAT,0.00,0.01,4880,0
quant_smtcomp_intersection-example-simple.proof-node605258,UNSAT,0.00,0.01,4896,0
quant_smtcomp_intersection-example-simple.proof-node605462,UNSAT,0.00,0.01,4880,0
quant_smtcomp_intersection-example-simple.proof-node605671,UNSAT,0.00,0.01,4864,0
quant_smtcomp_intersection-example-simple.proof-node605722,UNSAT,0.00,0.01,4880,0
quant_smtcomp_intersection-example-simple.proof-node606020,UNSAT,0.00,0.01,4896,0
quant_smtcomp_intersection-example-simple.proof-node606132,UNSAT,0.00,0.01,4832,0
quant_smtcomp_intersection-example-simple.proof-node606336,UNSAT,0.00,0.01,4880,0
quant_smtcomp_intersection-example-simple.proof-node606545,UNSAT,0.00,0.01,4832,0
quant_smtcomp_intersection-example-simple.proof-node606657,UNSAT,0.00,0.01,4896,0
quant_smtcomp_intersection-example-simple.proof-node606769,UNSAT,0.00,0.01,4880,0
quant_smtcomp_intersection-example-simple.proof-node606945,UNSAT,0.00,0.01,4880,0
quant_smtcomp_intersection-example-simple.proof-node607096,UNSAT,0.00,0.01,4992,0
quant_smtcomp_intersection-example-simple.proof-node60728,UNSAT,0.00,0.01,4768,0
quant_smtcomp_intersection-example-simple.proof-node607357,UNSAT,0.00,0.01,4928,0
quant_smtcomp_intersection-example-simple.proof-node607571,UNSAT,0.00,0.01,4880,0
quant_smtcomp_intersection-example-simple.proof-node607683,UNSAT,0.00,0.01,4864,0
quant_smtcomp_intersection-example-simple.proof-node607765,UNSAT,0.00,0.01,4752,0
quant_smtcomp_intersection-example-simple.proof-node607775,UNSAT,0.00,0.01,4736,0
quant_smtcomp_intersection-example-simple.proof-node608106,UNSAT,0.00,0.01,4736,0
quant_smtcomp_intersection-example-simple.proof-node608310,UNSAT,0.00,0.01,4720,0
quant_smtcomp_intersection-example-simple.proof-node60840,UNSAT,0.00,0.01,4816,0
quant_smtcomp_intersection-example-simple.proof-node608524,UNSAT,0.00,0.01,4736,0
quant_smtcomp_intersection-example-simple.proof-node608918,UNSAT,0.00,0.01,4736,0
quant_smtcomp_intersection-example-simple.proof-node609122,UNSAT,0.00,0.01,4720,0
quant_smtcomp_intersection-example-simple.proof-node609336,UNSAT,0.00,0.01,4752,0
quant_smtcomp_intersection-example-simple.proof-node609448,UNSAT,0.00,0.01,4752,0
quant_smtcomp_intersection-example-simple.proof-node609687,UNSAT,0.00,0.01,4736,0
quant_smtcomp_intersection-example-simple.proof-node609891,UNSAT,0.00,0.01,4736,0
quant_smtcomp_intersection-example-simple.proof-node610117,UNSAT,0.00,0.01,4768,0
quant_smtcomp_intersection-example-simple.proof-node610188,UNSAT,0.00,0.01,4928,0
quant_smtcomp_intersection-example-simple.proof-node610351,UNSAT,0.00,0.01,4928,0
quant_smtcomp_intersection-example-simple.proof-node610463,UNSAT,0.00,0.01,4928,0
quant_smtcomp_intersection-example-simple.proof-node610690,UNSAT,0.00,0.01,4784,0
quant_smtcomp_intersection-example-simple.proof-node61079,UNSAT,0.00,0.01,4816,0
quant_smtcomp_intersection-example-simple.proof-node610894,UNSAT,0.00,0.01,4768,0
quant_smtcomp_intersection-example-simple.proof-node611108,UNSAT,0.00,0.01,4736,0
quant_smtcomp_intersection-example-simple.proof-node611220,UNSAT,0.00,0.01,4768,0
quant_smtcomp_intersection-example-simple.proof-node611406,UNSAT,0.00,0.01,4752,0
quant_smtcomp_intersection-example-simple.proof-node611536,UNSAT,0.00,0.01,4928,0
quant_smtcomp_intersection-example-simple.proof-node611775,UNSAT,0.00,0.01,4944,0
quant_smtcomp_intersection-example-simple.proof-node611979,UNSAT,0.00,0.01,4928,0
quant_smtcomp_intersection-example-simple.proof-node612193,UNSAT,0.00,0.01,4912,0
quant_smtcomp_intersection-example-simple.proof-node612305,UNSAT,0.00,0.01,4928,0
quant_smtcomp_intersection-example-simple.proof-node612491,UNSAT,0.00,0.01,4896,0
quant_smtcomp_intersection-example-simple.proof-node612603,UNSAT,0.00,0.01,4768,0
quant_smtcomp_intersection-example-simple.proof-node612721,UNSAT,0.00,0.01,4720,0
quant_smtcomp_intersection-example-simple.proof-node61283,UNSAT,0.00,0.01,4816,0
quant_smtcomp_intersection-example-simple.proof-node612966,UNSAT,0.00,0.01,4736,0
quant_smtcomp_intersection-example-simple.proof-node613170,UNSAT,0.00,0.01,4736,0
quant_smtcomp_intersection-example-simple.proof-node613379,UNSAT,0.00,0.01,4720,0
quant_smtcomp_intersection-example-simple.proof-node613491,UNSAT,0.00,0.01,4768,0
quant_smtcomp_intersection-example-simple.proof-node613603,UNSAT,0.00,0.01,4752,0
quant_smtcomp_intersection-example-simple.proof-node613674,UNSAT,0.00,0.01,4720,0
quant_smtcomp_intersection-example-simple.proof-node613733,UNSAT,0.00,0.01,4704,0
quant_smtcomp_intersection-example-simple.proof-node613761,UNSAT,0.00,0.01,4720,0
quant_smtcomp_intersection-example-simple.proof-node613970,UNSAT,0.00,0.01,4768,0
quant_smtcomp_intersection-example-simple.proof-node614174,UNSAT,0.00,0.01,4768,0
quant_smtcomp_intersection-example-simple.proof-node614400,UNSAT,0.00,0.01,4784,0
quant_smtcomp_intersection-example-simple.proof-node614482,UNSAT,0.00,0.01,4928,0
quant_smtcomp_intersection-example-simple.proof-node614492,UNSAT,0.00,0.01,4928,0
quant_smtcomp_intersection-example-simple.proof-node614823,UNSAT,0.00,0.01,4928,0
quant_smtcomp_intersection-example-simple.proof-node61497,UNSAT,0.00,0.01,4784,0
quant_smtcomp_intersection-example-simple.proof-node615027,UNSAT,0.00,0.01,4944,0
quant_smtcomp_intersection-example-simple.proof-node615241,UNSAT,0.00,0.01,4944,0
quant_smtcomp_intersection-example-simple.proof-node615353,UNSAT,0.00,0.01,4944,0
quant_smtcomp_intersection-example-simple.proof-node615694,UNSAT,0.00,0.01,4960,0
quant_smtcomp_intersection-example-simple.proof-node615925,UNSAT,0.00,0.01,4928,0
quant_smtcomp_intersection-example-simple.proof-node616037,UNSAT,0.00,0.01,4960,0
quant_smtcomp_intersection-example-simple.proof-node61609,UNSAT,0.00,0.01,4816,0
quant_smtcomp_intersection-example-simple.proof-node616276,UNSAT,0.00,0.01,4960,0
quant_smtcomp_intersection-example-simple.proof-node616480,UNSAT,0.00,0.01,4960,0
quant_smtcomp_intersection-example-simple.proof-node616694,UNSAT,0.00,0.01,4912,0
quant_smtcomp_intersection-example-simple.proof-node616806,UNSAT,0.00,0.01,4912,0
quant_smtcomp_intersection-example-simple.proof-node616906,UNSAT,0.00,0.01,4736,0
quant_smtcomp_intersection-example-simple.proof-node616946,UNSAT,0.00,0.01,4752,0
quant_smtcomp_intersection-example-simple.proof-node617028,UNSAT,0.00,0.01,4768,0
quant_smtcomp_intersection-example-simple.proof-node617099,UNSAT,0.00,0.01,4720,0
quant_smtcomp_intersection-example-simple.proof-node617339,UNSAT,0.00,0.01,4976,0
quant_smtcomp_intersection-example-simple.proof-node617543,UNSAT,0.00,0.01,4944,0
quant_smtcomp_intersection-example-simple.proof-node617757,UNSAT,0.00,0.01,4928,0
quant_smtcomp_intersection-example-simple.proof-node617869,UNSAT,0.00,0.01,4928,0
quant_smtcomp_intersection-example-simple.proof-node617969,UNSAT,0.00,0.01,4896,0
quant_smtcomp_intersection-example-simple.proof-node617979,UNSAT,0.00,0.01,4736,0
quant_smtcomp_intersection-example-simple.proof-node618188,UNSAT,0.00,0.01,4752,0
quant_smtcomp_intersection-example-simple.proof-node618392,UNSAT,0.00,0.01,4736,0
quant_smtcomp_intersection-example-simple.proof-node618659,UNSAT,0.00,0.01,4768,0
quant_smtcomp_intersection-example-simple.proof-node618669,UNSAT,0.00,0.01,4752,0
quant_smtcomp_intersection-example-simple.proof-node618679,UNSAT,0.00,0.01,4720,0
quant_smtcomp_intersection-example-simple.proof-node618750,UNSAT,0.00,0.01,4912,0
quant_smtcomp_intersection-example-simple.proof-node618943,UNSAT,0.00,0.01,4880,0
quant_smtcomp_intersection-example-simple.proof-node619055,UNSAT,0.00,0.01,4896,0
quant_smtcomp_intersection-example-simple.proof-node619259,UNSAT,0.00,0.01,4848,0
quant_smtcomp_intersection-example-simple.proof-node61940,UNSAT,0.00,0.01,4784,0
quant_smtcomp_intersection-example-simple.proof-node619468,UNSAT,0.00,0.01,4896,0
quant_smtcomp_intersection-example-simple.proof-node619580,UNSAT,0.00,0.01,4864,0
quant_smtcomp_intersection-example-simple.proof-node619692,UNSAT,0.00,0.01,4864,0
quant_smtcomp_intersection-example-simple.proof-node619702,UNSAT,0.00,0.01,4896,0
quant_smtcomp_intersection-example-simple.proof-node619900,UNSAT,0.00,0.01,4912,0
quant_smtcomp_intersection-example-simple.proof-node620194,UNSAT,0.00,0.01,4896,0
quant_smtcomp_intersection-example-simple.proof-node620306,UNSAT,0.00,0.01,4912,0
quant_smtcomp_intersection-example-simple.proof-node620388,UNSAT,0.00,0.01,4912,0
quant_smtcomp_intersection-example-simple.proof-node620488,UNSAT,0.00,0.01,4768,0
quant_smtcomp_intersection-example-simple.proof-node620692,UNSAT,0.00,0.01,4784,0
quant_smtcomp_intersection-example-simple.proof-node620906,UNSAT,0.00,0.01,4784,0
quant_smtcomp_intersection-example-simple.proof-node621018,UNSAT,0.00,0.01,4816,0
quant_smtcomp_intersection-example-simple.proof-node621100,UNSAT,0.00,0.01,4784,0
quant_smtcomp_intersection-example-simple.proof-node621110,UNSAT,0.00,0.01,4816,0
quant_smtcomp_intersection-example-simple.proof-node621314,UNSAT,0.00,0.01,4800,0
quant_smtcomp_intersection-example-simple.proof-node621512,UNSAT,0.00,0.01,4816,0
quant_smtcomp_intersection-example-simple.proof-node621594,UNSAT,0.00,0.01,4816,0
quant_smtcomp_intersection-example-simple.proof-node621676,UNSAT,0.00,0.01,4896,0
quant_smtcomp_intersection-example-simple.proof-node621704,UNSAT,0.00,0.01,4880,0
quant_smtcomp_intersection-example-simple.proof-node621919,UNSAT,0.00,0.01,4896,0
quant_smtcomp_intersection-example-simple.proof-node622123,UNSAT,0.00,0.01,4880,0
quant_smtcomp_intersection-example-simple.proof-node622332,UNSAT,0.00,0.01,4896,0
quant_smtcomp_intersection-example-simple.proof-node622444,UNSAT,0.00,0.01,4880,0
quant_smtcomp_intersection-example-simple.proof-node622454,UNSAT,0.00,0.01,4944,0
quant_smtcomp_intersection-example-simple.proof-node622752,UNSAT,0.00,0.01,4928,0
quant_smtcomp_intersection-example-simple.proof-node62276,UNSAT,0.00,0.01,4768,0
quant_smtcomp_intersection-example-simple.proof-node623009,UNSAT,0.00,0.01,4896,0
quant_smtcomp_intersection-example-simple.proof-node623218,UNSAT,0.00,0.01,4864,0
quant_smtcomp_intersection-example-simple.proof-node623330,UNSAT,0.00,0.01,4896,0
quant_smtcomp_intersection-example-simple.proof-node623442,UNSAT,0.00,0.01,4848,0
quant_smtcomp_intersection-example-simple.proof-node623618,UNSAT,0.00,0.01,4864,0
quant_smtcomp_intersection-example-simple.proof-node624170,UNSAT,0.00,0.01,4912,0
quant_smtcomp_intersection-example-simple.proof-node624476,UNSAT,0.00,0.01,4960,0
quant_smtcomp_intersection-example-simple.proof-node624588,UNSAT,0.00,0.01,4896,0
quant_smtcomp_intersection-example-simple.proof-node624919,UNSAT,0.00,0.01,4960,0
quant_smtcomp_intersection-example-simple.proof-node625123,UNSAT,0.00,0.01,4944,0
quant_smtcomp_intersection-example-simple.proof-node625337,UNSAT,0.00,0.01,4960,0
quant_smtcomp_intersection-example-simple.proof-node625449,UNSAT,0.00,0.01,4944,0
quant_smtcomp_intersection-example-simple.proof-node625894,UNSAT,0.00,0.01,4960,0
quant_smtcomp_intersection-example-simple.proof-node626108,UNSAT,0.00,0.01,4912,0
quant_smtcomp_intersection-example-simple.proof-node626220,UNSAT,0.00,0.01,4896,0
quant_smtcomp_intersection-example-simple.proof-node626459,UNSAT,0.00,0.01,4896,0
quant_smtcomp_intersection-example-simple.proof-node626663,UNSAT,0.00,0.01,4928,0
quant_smtcomp_intersection-example-simple.proof-node626877,UNSAT,0.00,0.01,4896,0
quant_smtcomp_intersection-example-simple.proof-node626989,UNSAT,0.00,0.01,4912,0
quant_smtcomp_intersection-example-simple.proof-node627493,UNSAT,0.00,0.01,4720,0
quant_smtcomp_intersection-example-simple.proof-node627697,UNSAT,0.00,0.01,4736,0
quant_smtcomp_intersection-example-simple.proof-node627911,UNSAT,0.00,0.01,4768,0
quant_smtcomp_intersection-example-simple.proof-node628023,UNSAT,0.00,0.01,4720,0
quant_smtcomp_intersection-example-simple.proof-node62806,UNSAT,0.00,0.01,4784,0
quant_smtcomp_intersection-example-simple.proof-node628354,UNSAT,0.00,0.01,4768,0
quant_smtcomp_intersection-example-simple.proof-node628558,UNSAT,0.00,0.01,4720,0
quant_smtcomp_intersection-example-simple.proof-node628899,UNSAT,0.00,0.01,4752,0
quant_smtcomp_intersection-example-simple.proof-node629103,UNSAT,0.00,0.01,4768,0
quant_smtcomp_intersection-example-simple.proof-node629317,UNSAT,0.00,0.01,4736,0
quant_smtcomp_intersection-example-simple.proof-node629429,UNSAT,0.00,0.01,4736,0
quant_smtcomp_intersection-example-simple.proof-node629668,UNSAT,0.00,0.01,4736,0
quant_smtcomp_intersection-example-simple.proof-node629872,UNSAT,0.00,0.01,4720,0
quant_smtcomp_intersection-example-simple.proof-node630098,UNSAT,0.00,0.01,4752,0
quant_smtcomp_intersection-example-simple.proof-node63045,UNSAT,0.00,0.01,4768,0
quant_smtcomp_intersection-example-simple.proof-node630527,UNSAT,0.00,0.01,4880,0
quant_smtcomp_intersection-example-simple.proof-node630639,UNSAT,0.00,0.01,4880,0
quant_smtcomp_intersection-example-simple.proof-node630843,UNSAT,0.00,0.01,4880,0
quant_smtcomp_intersection-example-simple.proof-node631052,UNSAT,0.00,0.01,4864,0
quant_smtcomp_intersection-example-simple.proof-node631164,UNSAT,0.00,0.01,4896,0
quant_smtcomp_intersection-example-simple.proof-node631276,UNSAT,0.00,0.01,4912,0
quant_smtcomp_intersection-example-simple.proof-node631745,UNSAT,0.00,0.01,4928,0
quant_smtcomp_intersection-example-simple.proof-node631857,UNSAT,0.00,0.01,4896,0
quant_smtcomp_intersection-example-simple.proof-node632061,UNSAT,0.00,0.01,4880,0
quant_smtcomp_intersection-example-simple.proof-node632270,UNSAT,0.00,0.01,4896,0
quant_smtcomp_intersection-example-simple.proof-node632382,UNSAT,0.00,0.01,4944,0
quant_smtcomp_intersection-example-simple.proof-node632494,UNSAT,0.00,0.01,4848,0
quant_smtcomp_intersection-example-simple.proof-node632728,UNSAT,0.00,0.01,4880,0
quant_smtcomp_intersection-example-simple.proof-node632840,UNSAT,0.00,0.01,4880,0
quant_smtcomp_intersection-example-simple.proof-node633066,UNSAT,0.00,0.01,4912,0
quant_smtcomp_intersection-example-simple.proof-node633178,UNSAT,0.00,0.01,4896,0
quant_smtcomp_intersection-example-simple.proof-node633290,UNSAT,0.00,0.01,4912,0
quant_smtcomp_intersection-example-simple.proof-node633875,UNSAT,0.00,0.02,4736,0
quant_smtcomp_intersection-example-simple.proof-node634079,UNSAT,0.00,0.02,4816,0
quant_smtcomp_intersection-example-simple.proof-node634293,UNSAT,0.00,0.01,4784,0
quant_smtcomp_intersection-example-simple.proof-node634636,UNSAT,0.00,0.01,4768,0
quant_smtcomp_intersection-example-simple.proof-node634840,UNSAT,0.00,0.01,4736,0
quant_smtcomp_intersection-example-simple.proof-node63493,UNSAT,0.00,0.01,4832,0
quant_smtcomp_intersection-example-simple.proof-node635054,UNSAT,0.00,0.01,4736,0
quant_smtcomp_intersection-example-simple.proof-node635166,UNSAT,0.00,0.01,4736,0
quant_smtcomp_intersection-example-simple.proof-node635507,UNSAT,0.00,0.01,4768,0
quant_smtcomp_intersection-example-simple.proof-node635711,UNSAT,0.00,0.01,4752,0
quant_smtcomp_intersection-example-simple.proof-node635851,UNSAT,0.00,0.01,4768,0
quant_smtcomp_intersection-example-simple.proof-node636090,UNSAT,0.00,0.01,4768,0
quant_smtcomp_intersection-example-simple.proof-node636294,UNSAT,0.00,0.01,4736,0
quant_smtcomp_intersection-example-simple.proof-node636508,UNSAT,0.00,0.01,4720,0
quant_smtcomp_intersection-example-simple.proof-node636620,UNSAT,0.00,0.01,4752,0
quant_smtcomp_intersection-example-simple.proof-node637083,UNSAT,0.00,0.01,4912,0
quant_smtcomp_intersection-example-simple.proof-node63732,UNSAT,0.00,0.01,4800,0
quant_smtcomp_intersection-example-simple.proof-node637389,UNSAT,0.00,0.01,4880,0
quant_smtcomp_intersection-example-simple.proof-node637501,UNSAT,0.00,0.01,4960,0
quant_smtcomp_intersection-example-simple.proof-node637832,UNSAT,0.00,0.01,4912,0
quant_smtcomp_intersection-example-simple.proof-node638036,UNSAT,0.00,0.01,4896,0
quant_smtcomp_intersection-example-simple.proof-node638250,UNSAT,0.00,0.01,4880,0
quant_smtcomp_intersection-example-simple.proof-node638362,UNSAT,0.00,0.01,4912,0
quant_smtcomp_intersection-example-simple.proof-node638807,UNSAT,0.00,0.01,4864,0
quant_smtcomp_intersection-example-simple.proof-node639021,UNSAT,0.00,0.01,4880,0
quant_smtcomp_intersection-example-simple.proof-node639133,UNSAT,0.00,0.01,4896,0
quant_smtcomp_intersection-example-simple.proof-node63936,UNSAT,0.00,0.01,4832,0
quant_smtcomp_intersection-example-simple.proof-node639372,UNSAT,0.00,0.01,4912,0
quant_smtcomp_intersection-example-simple.proof-node639576,UNSAT,0.00,0.01,4880,0
quant_smtcomp_intersection-example-simple.proof-node639790,UNSAT,0.00,0.01,4864,0
quant_smtcomp_intersection-example-simple.proof-node639902,UNSAT,0.00,0.01,4848,0
quant_smtcomp_intersection-example-simple.proof-node640360,UNSAT,0.00,0.01,4928,0
quant_smtcomp_intersection-example-simple.proof-node640564,UNSAT,0.00,0.01,4896,0
quant_smtcomp_intersection-example-simple.proof-node640778,UNSAT,0.00,0.01,4896,0
quant_smtcomp_intersection-example-simple.proof-node640890,UNSAT,0.00,0.01,4912,0
quant_smtcomp_intersection-example-simple.proof-node641231,UNSAT,0.00,0.01,4880,0
quant_smtcomp_intersection-example-simple.proof-node641435,UNSAT,0.00,0.01,4976,0
quant_smtcomp_intersection-example-simple.proof-node64150,UNSAT,0.00,0.01,4784,0
quant_smtcomp_intersection-example-simple.proof-node641575,UNSAT,0.00,0.01,4912,0
quant_smtcomp_intersection-example-simple.proof-node641814,UNSAT,0.00,0.01,4928,0
quant_smtcomp_intersection-example-simple.proof-node642018,UNSAT,0.00,0.01,4912,0
quant_smtcomp_intersection-example-simple.proof-node642232,UNSAT,0.00,0.01,4928,0
quant_smtcomp_intersection-example-simple.proof-node642344,UNSAT,0.00,0.01,4912,0
quant_smtcomp_intersection-example-simple.proof-node64262,UNSAT,0.00,0.01,4784,0
quant_smtcomp_intersection-example-simple.proof-node642780,UNSAT,0.00,0.01,4768,0
quant_smtcomp_intersection-example-simple.proof-node643081,UNSAT,0.00,0.01,4720,0
quant_smtcomp_intersection-example-simple.proof-node643193,UNSAT,0.00,0.01,4736,0
quant_smtcomp_intersection-example-simple.proof-node643530,UNSAT,0.00,0.01,4752,0
quant_smtcomp_intersection-example-simple.proof-node643734,UNSAT,0.00,0.01,4736,0
quant_smtcomp_intersection-example-simple.proof-node643943,UNSAT,0.00,0.01,4720,0
quant_smtcomp_intersection-example-simple.proof-node644055,UNSAT,0.00,0.01,4736,0
quant_smtcomp_intersection-example-simple.proof-node644488,UNSAT,0.00,0.01,4720,0
quant_smtcomp_intersection-example-simple.proof-node644697,UNSAT,0.00,0.01,4720,0
quant_smtcomp_intersection-example-simple.proof-node644809,UNSAT,0.00,0.01,4736,0
quant_smtcomp_intersection-example-simple.proof-node645054,UNSAT,0.00,0.01,4736,0
quant_smtcomp_intersection-example-simple.proof-node645258,UNSAT,0.00,0.01,4752,0
quant_smtcomp_intersection-example-simple.proof-node645467,UNSAT,0.00,0.01,4768,0
quant_smtcomp_intersection-example-simple.proof-node645579,UNSAT,0.00,0.01,4752,0
quant_smtcomp_intersection-example-simple.proof-node646015,UNSAT,0.00,0.01,4784,0
quant_smtcomp_intersection-example-simple.proof-node646127,UNSAT,0.00,0.01,4784,0
quant_smtcomp_intersection-example-simple.proof-node64623,UNSAT,0.00,0.01,4816,0
quant_smtcomp_intersection-example-simple.proof-node646331,UNSAT,0.00,0.01,4752,0
quant_smtcomp_intersection-example-simple.proof-node646540,UNSAT,0.00,0.01,4752,0
quant_smtcomp_intersection-example-simple.proof-node646652,UNSAT,0.00,0.01,4800,0
quant_smtcomp_intersection-example-simple.proof-node646764,UNSAT,0.00,0.01,4800,0
quant_smtcomp_intersection-example-simple.proof-node647100,UNSAT,0.00,0.01,4816,0
quant_smtcomp_intersection-example-simple.proof-node647345,UNSAT,0.00,0.01,4816,0
quant_smtcomp_intersection-example-simple.proof-node647554,UNSAT,0.00,0.01,4768,0
quant_smtcomp_intersection-example-simple.proof-node647666,UNSAT,0.00,0.01,4800,0
quant_smtcomp_intersection-example-simple.proof-node647778,UNSAT,0.00,0.01,4752,0
quant_smtcomp_intersection-example-simple.proof-node648012,UNSAT,0.00,0.01,4848,0
quant_smtcomp_intersection-example-simple.proof-node648124,UNSAT,0.00,0.01,4832,0
quant_smtcomp_intersection-example-simple.proof-node648328,UNSAT,0.00,0.01,4784,0
quant_smtcomp_intersection-example-simple.proof-node648537,UNSAT,0.00,0.01,4800,0
quant_smtcomp_intersection-example-simple.proof-node648702,UNSAT,0.00,0.01,4784,0
quant_smtcomp_intersection-example-simple.proof-node649190,UNSAT,0.00,0.01,4736,0
quant_smtcomp_intersection-example-simple.proof-node649394,UNSAT,0.00,0.01,4736,0
quant_smtcomp_intersection-example-simple.proof-node649608,UNSAT,0.00,0.01,4736,0
quant_smtcomp_intersection-example-simple.proof-node649720,UNSAT,0.00,0.01,4736,0
quant_smtcomp_intersection-example-simple.proof-node650227,UNSAT,0.00,0.01,4720,0
quant_smtcomp_intersection-example-simple.proof-node65031,UNSAT,0.00,0.01,4784,0
quant_smtcomp_intersection-example-simple.proof-node650441,UNSAT,0.00,0.01,4752,0
quant_smtcomp_intersection-example-simple.proof-node650553,UNSAT,0.00,0.01,4736,0
quant_smtcomp_intersection-example-simple.proof-node650894,UNSAT,0.00,0.01,4736,0
quant_smtcomp_intersection-example-simple.proof-node651098,UNSAT,0.00,0.01,4752,0
quant_smtcomp_intersection-example-simple.proof-node651312,UNSAT,0.00,0.01,4768,0
quant_smtcomp_intersection-example-simple.proof-node651424,UNSAT,0.00,0.01,4768,0
quant_smtcomp_intersection-example-simple.proof-node65143,UNSAT,0.00,0.01,4800,0
quant_smtcomp_intersection-example-simple.proof-node651917,UNSAT,0.00,0.01,4944,0
quant_smtcomp_intersection-example-simple.proof-node652121,UNSAT,0.00,0.01,4944,0
quant_smtcomp_intersection-example-simple.proof-node652335,UNSAT,0.00,0.01,4928,0
quant_smtcomp_intersection-example-simple.proof-node652447,UNSAT,0.00,0.01,4912,0
quant_smtcomp_intersection-example-simple.proof-node652778,UNSAT,0.00,0.01,4896,0
quant_smtcomp_intersection-example-simple.proof-node653114,UNSAT,0.00,0.01,4864,0
quant_smtcomp_intersection-example-simple.proof-node653226,UNSAT,0.00,0.01,4912,0
quant_smtcomp_intersection-example-simple.proof-node653567,UNSAT,0.00,0.01,4912,0
quant_smtcomp_intersection-example-simple.proof-node653771,UNSAT,0.00,0.01,4912,0
quant_smtcomp_intersection-example-simple.proof-node65382,UNSAT,0.00,0.01,4816,0
quant_smtcomp_intersection-example-simple.proof-node653985,UNSAT,0.00,0.01,4912,0
quant_smtcomp_intersection-example-simple.proof-node654097,UNSAT,0.00,0.01,4928,0
quant_smtcomp_intersection-example-simple.proof-node654530,UNSAT,0.00,0.01,4944,0
quant_smtcomp_intersection-example-simple.proof-node654744,UNSAT,0.00,0.01,4928,0
quant_smtcomp_intersection-example-simple.proof-node654856,UNSAT,0.00,0.01,4896,0
quant_smtcomp_intersection-example-simple.proof-node655222,UNSAT,0.00,0.01,4896,0
quant_smtcomp_intersection-example-simple.proof-node655426,UNSAT,0.00,0.01,4944,0
quant_smtcomp_intersection-example-simple.proof-node655640,UNSAT,0.00,0.01,4960,0
quant_smtcomp_intersection-example-simple.proof-node655752,UNSAT,0.00,0.01,4960,0
quant_smtcomp_intersection-example-simple.proof-node65586,UNSAT,0.00,0.01,4768,0
quant_smtcomp_intersection-example-simple.proof-node656188,UNSAT,0.00,0.01,4752,0
quant_smtcomp_intersection-example-simple.proof-node656392,UNSAT,0.00,0.01,4736,0
quant_smtcomp_intersection-example-simple.proof-node656601,UNSAT,0.00,0.01,4720,0
quant_smtcomp_intersection-example-simple.proof-node656713,UNSAT,0.00,0.01,4704,0
quant_smtcomp_intersection-example-simple.proof-node657050,UNSAT,0.00,0.01,4720,0
quant_smtcomp_intersection-example-simple.proof-node657363,UNSAT,0.00,0.01,4720,0
quant_smtcomp_intersection-example-simple.proof-node657475,UNSAT,0.00,0.01,4720,0
quant_smtcomp_intersection-example-simple.proof-node657822,UNSAT,0.00,0.01,4720,0
quant_smtcomp_intersection-example-simple.proof-node65800,UNSAT,0.00,0.01,4768,0
quant_smtcomp_intersection-example-simple.proof-node658026,UNSAT,0.00,0.01,4768,0
quant_smtcomp_intersection-example-simple.proof-node658235,UNSAT,0.00,0.01,4736,0
quant_smtcomp_intersection-example-simple.proof-node658347,UNSAT,0.00,0.01,4736,0
quant_smtcomp_intersection-example-simple.proof-node658756,UNSAT,0.00,0.01,4720,0
quant_smtcomp_intersection-example-simple.proof-node658965,UNSAT,0.00,0.01,4720,0
quant_smtcomp_intersection-example-simple.proof-node659077,UNSAT,0.00,0.01,4752,0
quant_smtcomp_intersection-example-simple.proof-node65912,UNSAT,0.00,0.01,4784,0
quant_smtcomp_intersection-example-simple.proof-node659432,UNSAT,0.00,0.01,4816,0
quant_smtcomp_intersection-example-simple.proof-node659544,UNSAT,0.00,0.01,4800,0
quant_smtcomp_intersection-example-simple.proof-node659748,UNSAT,0.00,0.01,4784,0
quant_smtcomp_intersection-example-simple.proof-node659957,UNSAT,0.00,0.01,4816,0
quant_smtcomp_intersection-example-simple.proof-node660099,UNSAT,0.00,0.01,4784,0
quant_smtcomp_intersection-example-simple.proof-node660425,UNSAT,0.00,0.01,4768,0
quant_smtcomp_intersection-example-simple.proof-node660537,UNSAT,0.00,0.01,4800,0
quant_smtcomp_intersection-example-simple.proof-node660741,UNSAT,0.00,0.01,4768,0
quant_smtcomp_intersection-example-simple.proof-node660950,UNSAT,0.00,0.01,4752,0
quant_smtcomp_intersection-example-simple.proof-node661062,UNSAT,0.00,0.01,4800,0
quant_smtcomp_intersection-example-simple.proof-node661174,UNSAT,0.00,0.01,4752,0
quant_smtcomp_intersection-example-simple.proof-node661551,UNSAT,0.00,0.01,4768,0
quant_smtcomp_intersection-example-simple.proof-node661755,UNSAT,0.00,0.01,4784,0
quant_smtcomp_intersection-example-simple.proof-node661964,UNSAT,0.00,0.01,4816,0
quant_smtcomp_intersection-example-simple.proof-node662076,UNSAT,0.00,0.01,4768,0
quant_smtcomp_intersection-example-simple.proof-node662188,UNSAT,0.00,0.01,4768,0
quant_smtcomp_intersection-example-simple.proof-node6624,UNSAT,0.00,0.01,4720,0
quant_smtcomp_intersection-example-simple.proof-node662422,UNSAT,0.00,0.01,4816,0
quant_smtcomp_intersection-example-simple.proof-node66243,UNSAT,0.00,0.01,4832,0
quant_smtcomp_intersection-example-simple.proof-node662534,UNSAT,0.00,0.01,4816,0
quant_smtcomp_intersection-example-simple.proof-node662738,UNSAT,0.00,0.01,4800,0
quant_smtcomp_intersection-example-simple.proof-node663000,UNSAT,0.00,0.01,4768,0
quant_smtcomp_intersection-example-simple.proof-node663112,UNSAT,0.00,0.01,4832,0
quant_smtcomp_intersection-example-simple.proof-node663664,UNSAT,0.00,0.01,4896,0
quant_smtcomp_intersection-example-simple.proof-node663868,UNSAT,0.00,0.01,4928,0
quant_smtcomp_intersection-example-simple.proof-node664082,UNSAT,0.00,0.01,4912,0
quant_smtcomp_intersection-example-simple.proof-node664194,UNSAT,0.00,0.01,4880,0
quant_smtcomp_intersection-example-simple.proof-node664652,UNSAT,0.00,0.01,4896,0
quant_smtcomp_intersection-example-simple.proof-node664856,UNSAT,0.00,0.01,4944,0
quant_smtcomp_intersection-example-simple.proof-node665070,UNSAT,0.00,0.01,4912,0
quant_smtcomp_intersection-example-simple.proof-node665182,UNSAT,0.00,0.01,4880,0
quant_smtcomp_intersection-example-simple.proof-node665421,UNSAT,0.00,0.01,4896,0
quant_smtcomp_intersection-example-simple.proof-node665625,UNSAT,0.00,0.01,4912,0
quant_smtcomp_intersection-example-simple.proof-node66579,UNSAT,0.00,0.01,4800,0
quant_smtcomp_intersection-example-simple.proof-node665851,UNSAT,0.00,0.01,4880,0
quant_smtcomp_intersection-example-simple.proof-node666320,UNSAT,0.00,0.01,4736,0
quant_smtcomp_intersection-example-simple.proof-node666524,UNSAT,0.00,0.01,4752,0
quant_smtcomp_intersection-example-simple.proof-node666738,UNSAT,0.00,0.01,4752,0
quant_smtcomp_intersection-example-simple.proof-node666850,UNSAT,0.00,0.01,4736,0
quant_smtcomp_intersection-example-simple.proof-node667375,UNSAT,0.00,0.01,4752,0
quant_smtcomp_intersection-example-simple.proof-node667589,UNSAT,0.00,0.01,4752,0
quant_smtcomp_intersection-example-simple.proof-node667701,UNSAT,0.00,0.01,4752,0
quant_smtcomp_intersection-example-simple.proof-node66783,UNSAT,0.00,0.01,4768,0
quant_smtcomp_intersection-example-simple.proof-node668037,UNSAT,0.00,0.01,4720,0
quant_smtcomp_intersection-example-simple.proof-node668241,UNSAT,0.00,0.01,4720,0
quant_smtcomp_intersection-example-simple.proof-node668455,UNSAT,0.00,0.01,4752,0
quant_smtcomp_intersection-example-simple.proof-node668567,UNSAT,0.00,0.01,4736,0
quant_smtcomp_intersection-example-simple.proof-node668969,UNSAT,0.00,0.01,4752,0
quant_smtcomp_intersection-example-simple.proof-node669173,UNSAT,0.00,0.01,4720,0
quant_smtcomp_intersection-example-simple.proof-node669387,UNSAT,0.00,0.01,4736,0
quant_smtcomp_intersection-example-simple.proof-node669499,UNSAT,0.00,0.01,4752,0
quant_smtcomp_intersection-example-simple.proof-node669830,UNSAT,0.00,0.01,4704,0
quant_smtcomp_intersection-example-simple.proof-node66997,UNSAT,0.00,0.01,4800,0
quant_smtcomp_intersection-example-simple.proof-node670238,UNSAT,0.00,0.01,4720,0
quant_smtcomp_intersection-example-simple.proof-node670350,UNSAT,0.00,0.01,4720,0
quant_smtcomp_intersection-example-simple.proof-node670686,UNSAT,0.00,0.01,4736,0
quant_smtcomp_intersection-example-simple.proof-node670890,UNSAT,0.00,0.01,4736,0
quant_smtcomp_intersection-example-simple.proof-node67109,UNSAT,0.00,0.01,4800,0
quant_smtcomp_intersection-example-simple.proof-node671104,UNSAT,0.00,0.01,4736,0
quant_smtcomp_intersection-example-simple.proof-node671216,UNSAT,0.00,0.01,4736,0
quant_smtcomp_intersection-example-simple.proof-node671649,UNSAT,0.00,0.01,4736,0
quant_smtcomp_intersection-example-simple.proof-node671863,UNSAT,0.00,0.01,4736,0
quant_smtcomp_intersection-example-simple.proof-node671975,UNSAT,0.00,0.01,4736,0
quant_smtcomp_intersection-example-simple.proof-node672410,UNSAT,0.00,0.01,4896,0
quant_smtcomp_intersection-example-simple.proof-node672522,UNSAT,0.00,0.01,4928,0
quant_smtcomp_intersection-example-simple.proof-node672726,UNSAT,0.00,0.01,4912,0
quant_smtcomp_intersection-example-simple.proof-node672976,UNSAT,0.00,0.01,4864,0
quant_smtcomp_intersection-example-simple.proof-node673088,UNSAT,0.00,0.01,4880,0
quant_smtcomp_intersection-example-simple.proof-node673414,UNSAT,0.00,0.01,4912,0
quant_smtcomp_intersection-example-simple.proof-node67348,UNSAT,0.00,0.01,4752,0
quant_smtcomp_intersection-example-simple.proof-node673526,UNSAT,0.00,0.01,4928,0
quant_smtcomp_intersection-example-simple.proof-node673730,UNSAT,0.00,0.01,4896,0
quant_smtcomp_intersection-example-simple.proof-node673939,UNSAT,0.00,0.01,4912,0
quant_smtcomp_intersection-example-simple.proof-node674051,UNSAT,0.00,0.01,4864,0
quant_smtcomp_intersection-example-simple.proof-node674163,UNSAT,0.00,0.01,4896,0
quant_smtcomp_intersection-example-simple.proof-node674535,UNSAT,0.00,0.01,4880,0
quant_smtcomp_intersection-example-simple.proof-node674647,UNSAT,0.00,0.01,4880,0
quant_smtcomp_intersection-example-simple.proof-node674851,UNSAT,0.00,0.01,4896,0
quant_smtcomp_intersection-example-simple.proof-node675060,UNSAT,0.00,0.01,4864,0
quant_smtcomp_intersection-example-simple.proof-node675172,UNSAT,0.00,0.01,4880,0
quant_smtcomp_intersection-example-simple.proof-node675284,UNSAT,0.00,0.01,4864,0
quant_smtcomp_intersection-example-simple.proof-node675294,UNSAT,0.00,0.01,4944,0
quant_smtcomp_intersection-example-simple.proof-node675376,UNSAT,0.00,0.01,4944,0
quant_smtcomp_intersection-example-simple.proof-node675488,UNSAT,0.00,0.01,4928,0
quant_smtcomp_intersection-example-simple.proof-node67552,UNSAT,0.00,0.01,4768,0
quant_smtcomp_intersection-example-simple.proof-node675559,UNSAT,0.00,0.01,4752,0
quant_smtcomp_intersection-example-simple.proof-node675641,UNSAT,0.00,0.01,4736,0
quant_smtcomp_intersection-example-simple.proof-node675736,UNSAT,0.00,0.01,4752,0
quant_smtcomp_intersection-example-simple.proof-node675940,UNSAT,0.00,0.01,4752,0
quant_smtcomp_intersection-example-simple.proof-node676154,UNSAT,0.00,0.01,4736,0
quant_smtcomp_intersection-example-simple.proof-node676266,UNSAT,0.00,0.01,4736,0
quant_smtcomp_intersection-example-simple.proof-node676348,UNSAT,0.00,0.01,4720,0
quant_smtcomp_intersection-example-simple.proof-node676430,UNSAT,0.00,0.01,4960,0
quant_smtcomp_intersection-example-simple.proof-node676458,UNSAT,0.00,0.01,4864,0
quant_smtcomp_intersection-example-simple.proof-node676673,UNSAT,0.00,0.01,4864,0
quant_smtcomp_intersection-example-simple.proof-node676877,UNSAT,0.00,0.01,4912,0
quant_smtcomp_intersection-example-simple.proof-node677086,UNSAT,0.00,0.01,4848,0
quant_smtcomp_intersection-example-simple.proof-node677137,UNSAT,0.00,0.01,4928,0
quant_smtcomp_intersection-example-simple.proof-node677435,UNSAT,0.00,0.01,4896,0
quant_smtcomp_intersection-example-simple.proof-node677547,UNSAT,0.00,0.01,4896,0
quant_smtcomp_intersection-example-simple.proof-node677751,UNSAT,0.00,0.01,4896,0
quant_smtcomp_intersection-example-simple.proof-node67796,UNSAT,0.00,0.01,4784,0
quant_smtcomp_intersection-example-simple.proof-node677960,UNSAT,0.00,0.01,4896,0
quant_smtcomp_intersection-example-simple.proof-node678072,UNSAT,0.00,0.01,4880,0
quant_smtcomp_intersection-example-simple.proof-node678184,UNSAT,0.00,0.01,4864,0
quant_smtcomp_intersection-example-simple.proof-node678360,UNSAT,0.00,0.01,4896,0
quant_smtcomp_intersection-example-simple.proof-node678419,UNSAT,0.00,0.01,4880,0
quant_smtcomp_intersection-example-simple.proof-node678490,UNSAT,0.00,0.01,4880,0
quant_smtcomp_intersection-example-simple.proof-node678581,UNSAT,0.00,0.01,4832,0
quant_smtcomp_intersection-example-simple.proof-node678773,UNSAT,0.00,0.01,4736,0
quant_smtcomp_intersection-example-simple.proof-node678783,UNSAT,0.00,0.01,4896,0
quant_smtcomp_intersection-example-simple.proof-node678793,UNSAT,0.00,0.01,4768,0
quant_smtcomp_intersection-example-simple.proof-node678961,UNSAT,0.00,0.01,4848,0
quant_smtcomp_intersection-example-simple.proof-node679476,UNSAT,0.00,0.01,4864,0
quant_smtcomp_intersection-example-simple.proof-node679558,UNSAT,0.00,0.01,4752,0
quant_smtcomp_intersection-example-simple.proof-node679772,UNSAT,0.00,0.01,4752,0
quant_smtcomp_intersection-example-simple.proof-node679872,UNSAT,0.00,0.01,4768,0
quant_smtcomp_intersection-example-simple.proof-node680296,UNSAT,0.00,0.01,4912,0
quant_smtcomp_intersection-example-simple.proof-node68035,UNSAT,0.00,0.01,4768,0
quant_smtcomp_intersection-example-simple.proof-node680408,UNSAT,0.00,0.01,4880,0
quant_smtcomp_intersection-example-simple.proof-node681045,UNSAT,0.00,0.01,4864,0
quant_smtcomp_intersection-example-simple.proof-node681381,UNSAT,0.00,0.01,4864,0
quant_smtcomp_intersection-example-simple.proof-node682059,UNSAT,0.00,0.01,4896,0
quant_smtcomp_intersection-example-simple.proof-node682293,UNSAT,0.00,0.01,4912,0
quant_smtcomp_intersection-example-simple.proof-node68239,UNSAT,0.00,0.01,4800,0
quant_smtcomp_intersection-example-simple.proof-node682405,UNSAT,0.00,0.01,4880,0
quant_smtcomp_intersection-example-simple.proof-node682609,UNSAT,0.00,0.01,4864,0
quant_smtcomp_intersection-example-simple.proof-node682818,UNSAT,0.00,0.01,4896,0
quant_smtcomp_intersection-example-simple.proof-node682983,UNSAT,0.00,0.01,4864,0
quant_smtcomp_intersection-example-simple.proof-node683513,UNSAT,0.00,0.01,4736,0
quant_smtcomp_intersection-example-simple.proof-node683613,UNSAT,0.00,0.01,4736,0
quant_smtcomp_intersection-example-simple.proof-node684143,UNSAT,0.00,0.01,4848,0
quant_smtcomp_intersection-example-simple.proof-node684243,UNSAT,0.00,0.01,4848,0
quant_smtcomp_intersection-example-simple.proof-node684306,UNSAT,0.00,0.01,4880,0
quant_smtcomp_intersection-example-simple.proof-node684388,UNSAT,0.00,0.01,4736,0
quant_smtcomp_intersection-example-simple.proof-node68453,UNSAT,0.00,0.01,4752,0
quant_smtcomp_intersection-example-simple.proof-node684709,UNSAT,0.00,0.01,4736,0
quant_smtcomp_intersection-example-simple.proof-node684737,UNSAT,0.00,0.01,4800,0
quant_smtcomp_intersection-example-simple.proof-node684796,UNSAT,0.00,0.01,4784,0
quant_smtcomp_intersection-example-simple.proof-node684983,UNSAT,0.00,0.01,4768,0
quant_smtcomp_intersection-example-simple.proof-node684993,UNSAT,0.00,0.01,4736,0
quant_smtcomp_intersection-example-simple.proof-node685179,UNSAT,0.00,0.01,4496,0
quant_smtcomp_intersection-example-simple.proof-node685291,UNSAT,0.00,0.01,4896,0
quant_smtcomp_intersection-example-simple.proof-node685391,UNSAT,0.00,0.01,4896,0
quant_smtcomp_intersection-example-simple.proof-node685630,UNSAT,0.00,0.01,4992,0
quant_smtcomp_intersection-example-simple.proof-node68565,UNSAT,0.00,0.01,4768,0
quant_smtcomp_intersection-example-simple.proof-node685924,UNSAT,0.00,0.01,4992,0
quant_smtcomp_intersection-example-simple.proof-node686036,UNSAT,0.00,0.01,4928,0
quant_smtcomp_intersection-example-simple.proof-node686222,UNSAT,0.00,0.01,4912,0
quant_smtcomp_intersection-example-simple.proof-node6863,UNSAT,0.00,0.01,4752,0
quant_smtcomp_intersection-example-simple.proof-node686334,UNSAT,0.00,0.01,4720,0
quant_smtcomp_intersection-example-simple.proof-node686452,UNSAT,0.00,0.01,4736,0
quant_smtcomp_intersection-example-simple.proof-node686697,UNSAT,0.00,0.01,4768,0
quant_smtcomp_intersection-example-simple.proof-node686809,UNSAT,0.00,0.01,4832,0
quant_smtcomp_intersection-example-simple.proof-node687013,UNSAT,0.00,0.01,4752,0
quant_smtcomp_intersection-example-simple.proof-node687252,UNSAT,0.00,0.01,4784,0
quant_smtcomp_intersection-example-simple.proof-node687364,UNSAT,0.00,0.01,4800,0
quant_smtcomp_intersection-example-simple.proof-node687435,UNSAT,0.00,0.01,4816,0
quant_smtcomp_intersection-example-simple.proof-node687494,UNSAT,0.00,0.01,4800,0
quant_smtcomp_intersection-example-simple.proof-node687594,UNSAT,0.00,0.01,4944,0
quant_smtcomp_intersection-example-simple.proof-node687803,UNSAT,0.00,0.01,4848,0
quant_smtcomp_intersection-example-simple.proof-node688007,UNSAT,0.00,0.01,4896,0
quant_smtcomp_intersection-example-simple.proof-node688221,UNSAT,0.00,0.01,4864,0
quant_smtcomp_intersection-example-simple.proof-node688333,UNSAT,0.00,0.01,4864,0
quant_smtcomp_intersection-example-simple.proof-node688443,UNSAT,0.00,0.01,4736,0
quant_smtcomp_intersection-example-simple.proof-node688453,UNSAT,0.00,0.01,4752,0
quant_smtcomp_intersection-example-simple.proof-node688585,UNSAT,0.00,0.01,4864,0
quant_smtcomp_intersection-example-simple.proof-node688713,UNSAT,0.00,0.01,4912,0
quant_smtcomp_intersection-example-simple.proof-node688813,UNSAT,0.00,0.01,4528,0
quant_smtcomp_intersection-example-simple.proof-node688978,UNSAT,0.00,0.01,4864,0
quant_smtcomp_intersection-example-simple.proof-node689090,UNSAT,0.00,0.01,4864,0
quant_smtcomp_intersection-example-simple.proof-node689240,UNSAT,0.00,0.01,4848,0
quant_smtcomp_intersection-example-simple.proof-node689427,UNSAT,0.00,0.01,4736,0
quant_smtcomp_intersection-example-simple.proof-node689437,UNSAT,0.00,0.01,4944,0
quant_smtcomp_intersection-example-simple.proof-node689613,UNSAT,0.00,0.01,4896,0
quant_smtcomp_intersection-example-simple.proof-node689695,UNSAT,0.00,0.01,4720,0
quant_smtcomp_intersection-example-simple.proof-node689818,UNSAT,0.00,0.01,4944,0
quant_smtcomp_intersection-example-simple.proof-node68990,UNSAT,0.00,0.01,4896,0
quant_smtcomp_intersection-example-simple.proof-node690172,UNSAT,0.00,0.01,4928,0
quant_smtcomp_intersection-example-simple.proof-node690386,UNSAT,0.00,0.01,4944,0
quant_smtcomp_intersection-example-simple.proof-node690498,UNSAT,0.00,0.01,4928,0
quant_smtcomp_intersection-example-simple.proof-node690702,UNSAT,0.00,0.01,4752,0
quant_smtcomp_intersection-example-simple.proof-node690916,UNSAT,0.00,0.01,4720,0
quant_smtcomp_intersection-example-simple.proof-node691028,UNSAT,0.00,0.01,4752,0
quant_smtcomp_intersection-example-simple.proof-node691038,UNSAT,0.00,0.01,4880,0
quant_smtcomp_intersection-example-simple.proof-node691166,UNSAT,0.00,0.01,4768,0
quant_smtcomp_intersection-example-simple.proof-node691225,UNSAT,0.00,0.01,4896,0
quant_smtcomp_intersection-example-simple.proof-node691337,UNSAT,0.00,0.01,4960,0
quant_smtcomp_intersection-example-simple.proof-node691722,UNSAT,0.00,0.01,4736,0
quant_smtcomp_intersection-example-simple.proof-node691926,UNSAT,0.00,0.01,4736,0
quant_smtcomp_intersection-example-simple.proof-node692140,UNSAT,0.00,0.01,4736,0
quant_smtcomp_intersection-example-simple.proof-node692252,UNSAT,0.00,0.01,4784,0
quant_smtcomp_intersection-example-simple.proof-node692583,UNSAT,0.00,0.01,4752,0
quant_smtcomp_intersection-example-simple.proof-node692787,UNSAT,0.00,0.01,4496,0
quant_smtcomp_intersection-example-simple.proof-node692945,UNSAT,0.00,0.01,4720,0
quant_smtcomp_intersection-example-simple.proof-node69321,UNSAT,0.00,0.01,4864,0
quant_smtcomp_intersection-example-simple.proof-node693286,UNSAT,0.00,0.01,4752,0
quant_smtcomp_intersection-example-simple.proof-node693490,UNSAT,0.00,0.01,4496,0
quant_smtcomp_intersection-example-simple.proof-node693704,UNSAT,0.00,0.01,4496,0
quant_smtcomp_intersection-example-simple.proof-node693816,UNSAT,0.00,0.01,4752,0
quant_smtcomp_intersection-example-simple.proof-node694055,UNSAT,0.00,0.01,4736,0
quant_smtcomp_intersection-example-simple.proof-node694259,UNSAT,0.00,0.01,4720,0
quant_smtcomp_intersection-example-simple.proof-node69433,UNSAT,0.00,0.01,4880,0
quant_smtcomp_intersection-example-simple.proof-node694473,UNSAT,0.00,0.01,4736,0
quant_smtcomp_intersection-example-simple.proof-node694585,UNSAT,0.00,0.01,4736,0
quant_smtcomp_intersection-example-simple.proof-node694685,UNSAT,0.00,0.01,4720,0
quant_smtcomp_intersection-example-simple.proof-node694878,UNSAT,0.00,0.01,4912,0
quant_smtcomp_intersection-example-simple.proof-node694990,UNSAT,0.00,0.01,4848,0
quant_smtcomp_intersection-example-simple.proof-node695194,UNSAT,0.00,0.01,4912,0
quant_smtcomp_intersection-example-simple.proof-node695403,UNSAT,0.00,0.01,4864,0
quant_smtcomp_intersection-example-simple.proof-node695515,UNSAT,0.00,0.01,4864,0
quant_smtcomp_intersection-example-simple.proof-node695627,UNSAT,0.00,0.01,4896,0
quant_smtcomp_intersection-example-simple.proof-node695802,UNSAT,0.00,0.01,4736,0
quant_smtcomp_intersection-example-simple.proof-node695988,UNSAT,0.00,0.01,4480,0
quant_smtcomp_intersection-example-simple.proof-node696100,UNSAT,0.00,0.01,4880,0
quant_smtcomp_intersection-example-simple.proof-node696200,UNSAT,0.00,0.01,4864,0
quant_smtcomp_intersection-example-simple.proof-node696439,UNSAT,0.00,0.01,4944,0
quant_smtcomp_intersection-example-simple.proof-node696643,UNSAT,0.00,0.01,4928,0
quant_smtcomp_intersection-example-simple.proof-node69678,UNSAT,0.00,0.01,4880,0
quant_smtcomp_intersection-example-simple.proof-node696857,UNSAT,0.00,0.01,4928,0
quant_smtcomp_intersection-example-simple.proof-node696969,UNSAT,0.00,0.01,4912,0
quant_smtcomp_intersection-example-simple.proof-node697239,UNSAT,0.00,0.01,4752,0
quant_smtcomp_intersection-example-simple.proof-node697357,UNSAT,0.00,0.01,4720,0
quant_smtcomp_intersection-example-simple.proof-node697602,UNSAT,0.00,0.01,4768,0
quant_smtcomp_intersection-example-simple.proof-node697714,UNSAT,0.00,0.01,4800,0
quant_smtcomp_intersection-example-simple.proof-node697918,UNSAT,0.00,0.01,4784,0
quant_smtcomp_intersection-example-simple.proof-node698127,UNSAT,0.00,0.01,4784,0
quant_smtcomp_intersection-example-simple.proof-node698239,UNSAT,0.00,0.01,4800,0
quant_smtcomp_intersection-example-simple.proof-node698351,UNSAT,0.00,0.01,4800,0
quant_smtcomp_intersection-example-simple.proof-node698422,UNSAT,0.00,0.01,4752,0
quant_smtcomp_intersection-example-simple.proof-node698481,UNSAT,0.00,0.01,4800,0
quant_smtcomp_intersection-example-simple.proof-node698509,UNSAT,0.00,0.01,4736,0
quant_smtcomp_intersection-example-simple.proof-node698752,UNSAT,0.00,0.01,4736,0
quant_smtcomp_intersection-example-simple.proof-node69882,UNSAT,0.00,0.01,4864,0
quant_smtcomp_intersection-example-simple.proof-node698966,UNSAT,0.00,0.01,4736,0
quant_smtcomp_intersection-example-simple.proof-node699078,UNSAT,0.00,0.01,4720,0
quant_smtcomp_intersection-example-simple.proof-node699160,UNSAT,0.00,0.01,4880,0
quant_smtcomp_intersection-example-simple.proof-node699170,UNSAT,0.00,0.01,4912,0
quant_smtcomp_intersection-example-simple.proof-node699501,UNSAT,0.00,0.01,4928,0
quant_smtcomp_intersection-example-simple.proof-node699705,UNSAT,0.00,0.01,4928,0
quant_smtcomp_intersection-example-simple.proof-node699919,UNSAT,0.00,0.01,4912,0
quant_smtcomp_intersection-example-simple.proof-node700313,UNSAT,0.00,0.01,4960,0
quant_smtcomp_intersection-example-simple.proof-node700517,UNSAT,0.00,0.01,4912,0
quant_smtcomp_intersection-example-simple.proof-node700731,UNSAT,0.00,0.01,4928,0
quant_smtcomp_intersection-example-simple.proof-node700843,UNSAT,0.00,0.01,4944,0
quant_smtcomp_intersection-example-simple.proof-node70091,UNSAT,0.00,0.01,4864,0
quant_smtcomp_intersection-example-simple.proof-node701082,UNSAT,0.00,0.01,4960,0
quant_smtcomp_intersection-example-simple.proof-node701286,UNSAT,0.00,0.01,4928,0
quant_smtcomp_intersection-example-simple.proof-node701512,UNSAT,0.00,0.01,4896,0
quant_smtcomp_intersection-example-simple.proof-node701612,UNSAT,0.00,0.01,4736,0
quant_smtcomp_intersection-example-simple.proof-node701652,UNSAT,0.00,0.01,4720,0
quant_smtcomp_intersection-example-simple.proof-node701734,UNSAT,0.00,0.01,4784,0
quant_smtcomp_intersection-example-simple.proof-node701805,UNSAT,0.00,0.01,4768,0
quant_smtcomp_intersection-example-simple.proof-node701864,UNSAT,0.00,0.01,4800,0
quant_smtcomp_intersection-example-simple.proof-node70203,UNSAT,0.00,0.01,4912,0
quant_smtcomp_intersection-example-simple.proof-node702073,UNSAT,0.00,0.01,4928,0
quant_smtcomp_intersection-example-simple.proof-node702277,UNSAT,0.00,0.01,4928,0
quant_smtcomp_intersection-example-simple.proof-node702491,UNSAT,0.00,0.01,4896,0
quant_smtcomp_intersection-example-simple.proof-node702603,UNSAT,0.00,0.01,4912,0
quant_smtcomp_intersection-example-simple.proof-node702703,UNSAT,0.00,0.01,4864,0
quant_smtcomp_intersection-example-simple.proof-node702713,UNSAT,0.00,0.01,4768,0
quant_smtcomp_intersection-example-simple.proof-node703014,UNSAT,0.00,0.01,4720,0
quant_smtcomp_intersection-example-simple.proof-node703228,UNSAT,0.00,0.01,4752,0
quant_smtcomp_intersection-example-simple.proof-node703340,UNSAT,0.00,0.01,4736,0
quant_smtcomp_intersection-example-simple.proof-node703350,UNSAT,0.00,0.01,4752,0
quant_smtcomp_intersection-example-simple.proof-node703360,UNSAT,0.00,0.01,4720,0
quant_smtcomp_intersection-example-simple.proof-node703431,UNSAT,0.00,0.01,4880,0
quant_smtcomp_intersection-example-simple.proof-node703624,UNSAT,0.00,0.01,4880,0
quant_smtcomp_intersection-example-simple.proof-node703736,UNSAT,0.00,0.01,4848,0
quant_smtcomp_intersection-example-simple.proof-node703940,UNSAT,0.00,0.01,4864,0
quant_smtcomp_intersection-example-simple.proof-node704149,UNSAT,0.00,0.01,4848,0
quant_smtcomp_intersection-example-simple.proof-node704363,UNSAT,0.00,0.01,4912,0
quant_smtcomp_intersection-example-simple.proof-node704475,UNSAT,0.00,0.01,4496,0
quant_smtcomp_intersection-example-simple.proof-node704546,UNSAT,0.00,0.01,4896,0
quant_smtcomp_intersection-example-simple.proof-node704716,UNSAT,0.00,0.01,4896,0
quant_smtcomp_intersection-example-simple.proof-node704775,UNSAT,0.00,0.01,4736,0
quant_smtcomp_intersection-example-simple.proof-node704875,UNSAT,0.00,0.01,4736,0
quant_smtcomp_intersection-example-simple.proof-node704957,UNSAT,0.00,0.01,4880,0
quant_smtcomp_intersection-example-simple.proof-node705069,UNSAT,0.00,0.01,4752,0
quant_smtcomp_intersection-example-simple.proof-node705169,UNSAT,0.00,0.01,4768,0
quant_smtcomp_intersection-example-simple.proof-node705356,UNSAT,0.00,0.01,4944,0
quant_smtcomp_intersection-example-simple.proof-node705384,UNSAT,0.00,0.01,4736,0
quant_smtcomp_intersection-example-simple.proof-node705443,UNSAT,0.00,0.01,4768,0
quant_smtcomp_intersection-example-simple.proof-node705567,UNSAT,0.00,0.01,4896,0
quant_smtcomp_intersection-example-simple.proof-node705726,UNSAT,0.00,0.01,4896,0
quant_smtcomp_intersection-example-simple.proof-node705838,UNSAT,0.00,0.01,4928,0
quant_smtcomp_intersection-example-simple.proof-node705938,UNSAT,0.00,0.01,4896,0
quant_smtcomp_intersection-example-simple.proof-node706263,UNSAT,0.00,0.01,4736,0
quant_smtcomp_intersection-example-simple.proof-node706467,UNSAT,0.00,0.01,4752,0
quant_smtcomp_intersection-example-simple.proof-node706681,UNSAT,0.00,0.01,4736,0
quant_smtcomp_intersection-example-simple.proof-node7067,UNSAT,0.00,0.01,4768,0
quant_smtcomp_intersection-example-simple.proof-node706793,UNSAT,0.00,0.01,4736,0
quant_smtcomp_intersection-example-simple.proof-node707300,UNSAT,0.00,0.01,4480,0
quant_smtcomp_intersection-example-simple.proof-node707514,UNSAT,0.00,0.01,4496,0
quant_smtcomp_intersection-example-simple.proof-node707626,UNSAT,0.00,0.01,4752,0
quant_smtcomp_intersection-example-simple.proof-node707967,UNSAT,0.00,0.01,4736,0
quant_smtcomp_intersection-example-simple.proof-node708171,UNSAT,0.00,0.01,4496,0
quant_smtcomp_intersection-example-simple.proof-node708385,UNSAT,0.00,0.01,4496,0
quant_smtcomp_intersection-example-simple.proof-node708497,UNSAT,0.00,0.01,4752,0
quant_smtcomp_intersection-example-simple.proof-node708741,UNSAT,0.00,0.01,4736,0
quant_smtcomp_intersection-example-simple.proof-node708853,UNSAT,0.00,0.01,4752,0
quant_smtcomp_intersection-example-simple.proof-node708953,UNSAT,0.00,0.01,4752,0
quant_smtcomp_intersection-example-simple.proof-node709146,UNSAT,0.00,0.01,4896,0
quant_smtcomp_intersection-example-simple.proof-node709258,UNSAT,0.00,0.01,4912,0
quant_smtcomp_intersection-example-simple.proof-node709462,UNSAT,0.00,0.01,4880,0
quant_smtcomp_intersection-example-simple.proof-node709671,UNSAT,0.00,0.01,4896,0
quant_smtcomp_intersection-example-simple.proof-node709783,UNSAT,0.00,0.01,4880,0
quant_smtcomp_intersection-example-simple.proof-node709895,UNSAT,0.00,0.01,4880,0
quant_smtcomp_intersection-example-simple.proof-node710070,UNSAT,0.00,0.01,4752,0
quant_smtcomp_intersection-example-simple.proof-node710256,UNSAT,0.00,0.01,4512,0
quant_smtcomp_intersection-example-simple.proof-node710368,UNSAT,0.00,0.01,4896,0
quant_smtcomp_intersection-example-simple.proof-node71037,UNSAT,0.00,0.01,4848,0
quant_smtcomp_intersection-example-simple.proof-node710468,UNSAT,0.00,0.01,4880,0
quant_smtcomp_intersection-example-simple.proof-node710707,UNSAT,0.00,0.01,4928,0
quant_smtcomp_intersection-example-simple.proof-node710911,UNSAT,0.00,0.01,4880,0
quant_smtcomp_intersection-example-simple.proof-node711125,UNSAT,0.00,0.01,4912,0
quant_smtcomp_intersection-example-simple.proof-node711237,UNSAT,0.00,0.01,4896,0
quant_smtcomp_intersection-example-simple.proof-node711507,UNSAT,0.00,0.01,4752,0
quant_smtcomp_intersection-example-simple.proof-node711625,UNSAT,0.00,0.01,4720,0
quant_smtcomp_intersection-example-simple.proof-node711870,UNSAT,0.00,0.01,4784,0
quant_smtcomp_intersection-example-simple.proof-node711982,UNSAT,0.00,0.01,4816,0
quant_smtcomp_intersection-example-simple.proof-node712186,UNSAT,0.00,0.01,4784,0
quant_smtcomp_intersection-example-simple.proof-node712395,UNSAT,0.00,0.01,4784,0
quant_smtcomp_intersection-example-simple.proof-node712507,UNSAT,0.00,0.01,4784,0
quant_smtcomp_intersection-example-simple.proof-node712619,UNSAT,0.00,0.01,4816,0
quant_smtcomp_intersection-example-simple.proof-node712690,UNSAT,0.00,0.01,4784,0
quant_smtcomp_intersection-example-simple.proof-node712749,UNSAT,0.00,0.01,4784,0
quant_smtcomp_intersection-example-simple.proof-node712777,UNSAT,0.00,0.01,4736,0
quant_smtcomp_intersection-example-simple.proof-node713020,UNSAT,0.00,0.01,4720,0
quant_smtcomp_intersection-example-simple.proof-node713234,UNSAT,0.00,0.01,4752,0
quant_smtcomp_intersection-example-simple.proof-node713346,UNSAT,0.00,0.01,4784,0
quant_smtcomp_intersection-example-simple.proof-node713428,UNSAT,0.00,0.01,4928,0
quant_smtcomp_intersection-example-simple.proof-node713438,UNSAT,0.00,0.01,4912,0
quant_smtcomp_intersection-example-simple.proof-node713769,UNSAT,0.00,0.01,4912,0
quant_smtcomp_intersection-example-simple.proof-node71379,UNSAT,0.00,0.01,4880,0
quant_smtcomp_intersection-example-simple.proof-node713973,UNSAT,0.00,0.01,4928,0
quant_smtcomp_intersection-example-simple.proof-node714187,UNSAT,0.00,0.01,4928,0
quant_smtcomp_intersection-example-simple.proof-node714581,UNSAT,0.00,0.01,4896,0
quant_smtcomp_intersection-example-simple.proof-node714785,UNSAT,0.00,0.01,4976,0
quant_smtcomp_intersection-example-simple.proof-node714999,UNSAT,0.00,0.01,4928,0
quant_smtcomp_intersection-example-simple.proof-node715111,UNSAT,0.00,0.01,4944,0
quant_smtcomp_intersection-example-simple.proof-node715350,UNSAT,0.00,0.01,4896,0
quant_smtcomp_intersection-example-simple.proof-node715554,UNSAT,0.00,0.01,4944,0
quant_smtcomp_intersection-example-simple.proof-node715780,UNSAT,0.00,0.01,4912,0
quant_smtcomp_intersection-example-simple.proof-node715880,UNSAT,0.00,0.01,4752,0
quant_smtcomp_intersection-example-simple.proof-node715920,UNSAT,0.00,0.01,4752,0
quant_smtcomp_intersection-example-simple.proof-node716002,UNSAT,0.00,0.01,4800,0
quant_smtcomp_intersection-example-simple.proof-node716073,UNSAT,0.00,0.01,4800,0
quant_smtcomp_intersection-example-simple.proof-node716132,UNSAT,0.00,0.01,4800,0
quant_smtcomp_intersection-example-simple.proof-node716341,UNSAT,0.00,0.01,4944,0
quant_smtcomp_intersection-example-simple.proof-node716545,UNSAT,0.00,0.01,4944,0
quant_smtcomp_intersection-example-simple.proof-node716759,UNSAT,0.00,0.01,4960,0
quant_smtcomp_intersection-example-simple.proof-node716871,UNSAT,0.00,0.01,4896,0
quant_smtcomp_intersection-example-simple.proof-node716971,UNSAT,0.00,0.01,4848,0
quant_smtcomp_intersection-example-simple.proof-node716981,UNSAT,0.00,0.01,4720,0
quant_smtcomp_intersection-example-simple.proof-node717282,UNSAT,0.00,0.01,4736,0
quant_smtcomp_intersection-example-simple.proof-node717496,UNSAT,0.00,0.01,4784,0
quant_smtcomp_intersection-example-simple.proof-node717608,UNSAT,0.00,0.01,4752,0
quant_smtcomp_intersection-example-simple.proof-node717618,UNSAT,0.00,0.01,4736,0
quant_smtcomp_intersection-example-simple.proof-node717628,UNSAT,0.00,0.01,4752,0
quant_smtcomp_intersection-example-simple.proof-node717699,UNSAT,0.00,0.01,4848,0
quant_smtcomp_intersection-example-simple.proof-node717892,UNSAT,0.00,0.01,4864,0
quant_smtcomp_intersection-example-simple.proof-node718004,UNSAT,0.00,0.01,4912,0
quant_smtcomp_intersection-example-simple.proof-node718208,UNSAT,0.00,0.01,4880,0
quant_smtcomp_intersection-example-simple.proof-node718417,UNSAT,0.00,0.01,4864,0
quant_smtcomp_intersection-example-simple.proof-node718631,UNSAT,0.00,0.01,4896,0
quant_smtcomp_intersection-example-simple.proof-node718743,UNSAT,0.00,0.01,4480,0
quant_smtcomp_intersection-example-simple.proof-node718814,UNSAT,0.00,0.01,4832,0
quant_smtcomp_intersection-example-simple.proof-node718966,UNSAT,0.00,0.01,4896,0
quant_smtcomp_intersection-example-simple.proof-node719025,UNSAT,0.00,0.01,4736,0
quant_smtcomp_intersection-example-simple.proof-node71904,UNSAT,0.00,0.01,4848,0
quant_smtcomp_intersection-example-simple.proof-node719125,UNSAT,0.00,0.01,4768,0
quant_smtcomp_intersection-example-simple.proof-node719207,UNSAT,0.00,0.01,4912,0
quant_smtcomp_intersection-example-simple.proof-node719319,UNSAT,0.00,0.01,4768,0
quant_smtcomp_intersection-example-simple.proof-node719419,UNSAT,0.00,0.01,4736,0
quant_smtcomp_intersection-example-simple.proof-node719606,UNSAT,0.00,0.01,4944,0
quant_smtcomp_intersection-example-simple.proof-node719634,UNSAT,0.00,0.01,4736,0
quant_smtcomp_intersection-example-simple.proof-node719693,UNSAT,0.00,0.01,4736,0
quant_smtcomp_intersection-example-simple.proof-node719817,UNSAT,0.00,0.01,4928,0
quant_smtcomp_intersection-example-simple.proof-node719994,UNSAT,0.00,0.01,4912,0
quant_smtcomp_intersection-example-simple.proof-node720106,UNSAT,0.00,0.01,4960,0
quant_smtcomp_intersection-example-simple.proof-node720206,UNSAT,0.00,0.01,4912,0
quant_smtcomp_intersection-example-simple.proof-node720531,UNSAT,0.00,0.01,4752,0
quant_smtcomp_intersection-example-simple.proof-node720735,UNSAT,0.00,0.01,4720,0
quant_smtcomp_intersection-example-simple.proof-node720949,UNSAT,0.00,0.01,4736,0
quant_smtcomp_intersection-example-simple.proof-node721061,UNSAT,0.00,0.01,4768,0
quant_smtcomp_intersection-example-simple.proof-node721568,UNSAT,0.00,0.01,4736,0
quant_smtcomp_intersection-example-simple.proof-node721782,UNSAT,0.00,0.01,4720,0
quant_smtcomp_intersection-example-simple.proof-node72179,UNSAT,0.00,0.01,4880,0
quant_smtcomp_intersection-example-simple.proof-node721894,UNSAT,0.00,0.01,4736,0
quant_smtcomp_intersection-example-simple.proof-node722235,UNSAT,0.00,0.01,4720,0
quant_smtcomp_intersection-example-simple.proof-node722439,UNSAT,0.00,0.01,4768,0
quant_smtcomp_intersection-example-simple.proof-node722653,UNSAT,0.00,0.01,4768,0
quant_smtcomp_intersection-example-simple.proof-node722765,UNSAT,0.00,0.01,4720,0
quant_smtcomp_intersection-example-simple.proof-node723009,UNSAT,0.00,0.01,4736,0
quant_smtcomp_intersection-example-simple.proof-node723121,UNSAT,0.00,0.01,4768,0
quant_smtcomp_intersection-example-simple.proof-node723221,UNSAT,0.00,0.01,4720,0
quant_smtcomp_intersection-example-simple.proof-node723414,UNSAT,0.00,0.01,4912,0
quant_smtcomp_intersection-example-simple.proof-node723526,UNSAT,0.00,0.01,4944,0
quant_smtcomp_intersection-example-simple.proof-node723730,UNSAT,0.00,0.01,4864,0
quant_smtcomp_intersection-example-simple.proof-node72383,UNSAT,0.00,0.01,4832,0
quant_smtcomp_intersection-example-simple.proof-node723939,UNSAT,0.00,0.01,4896,0
quant_smtcomp_intersection-example-simple.proof-node724051,UNSAT,0.00,0.01,4912,0
quant_smtcomp_intersection-example-simple.proof-node724163,UNSAT,0.00,0.01,4864,0
quant_smtcomp_intersection-example-simple.proof-node724338,UNSAT,0.00,0.01,4752,0
quant_smtcomp_intersection-example-simple.proof-node724524,UNSAT,0.00,0.01,4752,0
quant_smtcomp_intersection-example-simple.proof-node724636,UNSAT,0.00,0.01,4880,0
quant_smtcomp_intersection-example-simple.proof-node724736,UNSAT,0.00,0.01,4912,0
quant_smtcomp_intersection-example-simple.proof-node724975,UNSAT,0.00,0.01,4944,0
quant_smtcomp_intersection-example-simple.proof-node725179,UNSAT,0.00,0.01,4944,0
quant_smtcomp_intersection-example-simple.proof-node725393,UNSAT,0.00,0.01,4928,0
quant_smtcomp_intersection-example-simple.proof-node725505,UNSAT,0.00,0.01,4912,0
quant_smtcomp_intersection-example-simple.proof-node725775,UNSAT,0.00,0.01,4720,0
quant_smtcomp_intersection-example-simple.proof-node725893,UNSAT,0.00,0.01,4720,0
quant_smtcomp_intersection-example-simple.proof-node72592,UNSAT,0.00,0.01,4880,0
quant_smtcomp_intersection-example-simple.proof-node726138,UNSAT,0.00,0.01,4784,0
quant_smtcomp_intersection-example-simple.proof-node726250,UNSAT,0.00,0.01,4784,0
quant_smtcomp_intersection-example-simple.proof-node726454,UNSAT,0.00,0.01,4768,0
quant_smtcomp_intersection-example-simple.proof-node726663,UNSAT,0.00,0.01,4768,0
quant_smtcomp_intersection-example-simple.proof-node726775,UNSAT,0.00,0.01,4800,0
quant_smtcomp_intersection-example-simple.proof-node726887,UNSAT,0.00,0.01,4784,0
quant_smtcomp_intersection-example-simple.proof-node726958,UNSAT,0.00,0.01,4768,0
quant_smtcomp_intersection-example-simple.proof-node727017,UNSAT,0.00,0.01,4768,0
quant_smtcomp_intersection-example-simple.proof-node72704,UNSAT,0.00,0.01,4864,0
quant_smtcomp_intersection-example-simple.proof-node727045,UNSAT,0.00,0.01,4736,0
quant_smtcomp_intersection-example-simple.proof-node727288,UNSAT,0.00,0.01,4720,0
quant_smtcomp_intersection-example-simple.proof-node727502,UNSAT,0.00,0.01,4752,0
quant_smtcomp_intersection-example-simple.proof-node727614,UNSAT,0.00,0.01,4752,0
quant_smtcomp_intersection-example-simple.proof-node727696,UNSAT,0.00,0.01,4880,0
quant_smtcomp_intersection-example-simple.proof-node727706,UNSAT,0.00,0.03,4960,0
quant_smtcomp_intersection-example-simple.proof-node728037,UNSAT,0.00,0.03,4960,0
quant_smtcomp_intersection-example-simple.proof-node7281,UNSAT,0.00,0.03,4800,0
quant_smtcomp_intersection-example-simple.proof-node728241,UNSAT,0.00,0.01,4928,0
quant_smtcomp_intersection-example-simple.proof-node728455,UNSAT,0.00,0.01,4928,0
quant_smtcomp_intersection-example-simple.proof-node728849,UNSAT,0.00,0.01,4944,0
quant_smtcomp_intersection-example-simple.proof-node729053,UNSAT,0.00,0.01,4928,0
quant_smtcomp_intersection-example-simple.proof-node729267,UNSAT,0.00,0.01,4896,0
quant_smtcomp_intersection-example-simple.proof-node729379,UNSAT,0.00,0.01,4944,0
quant_smtcomp_intersection-example-simple.proof-node729618,UNSAT,0.00,0.01,4960,0
quant_smtcomp_intersection-example-simple.proof-node729822,UNSAT,0.00,0.01,4944,0
quant_smtcomp_intersection-example-simple.proof-node730048,UNSAT,0.00,0.01,4928,0
quant_smtcomp_intersection-example-simple.proof-node730148,UNSAT,0.00,0.01,4736,0
quant_smtcomp_intersection-example-simple.proof-node730188,UNSAT,0.00,0.01,4736,0
quant_smtcomp_intersection-example-simple.proof-node730270,UNSAT,0.00,0.01,4800,0
quant_smtcomp_intersection-example-simple.proof-node730341,UNSAT,0.00,0.01,4816,0
quant_smtcomp_intersection-example-simple.proof-node730400,UNSAT,0.00,0.01,4800,0
quant_smtcomp_intersection-example-simple.proof-node73054,UNSAT,0.00,0.01,4864,0
quant_smtcomp_intersection-example-simple.proof-node730609,UNSAT,0.00,0.01,4928,0
quant_smtcomp_intersection-example-simple.proof-node730813,UNSAT,0.00,0.01,4928,0
quant_smtcomp_intersection-example-simple.proof-node731027,UNSAT,0.00,0.01,4944,0
quant_smtcomp_intersection-example-simple.proof-node731139,UNSAT,0.00,0.01,4960,0
quant_smtcomp_intersection-example-simple.proof-node731239,UNSAT,0.00,0.01,4896,0
quant_smtcomp_intersection-example-simple.proof-node731249,UNSAT,0.00,0.01,4752,0
quant_smtcomp_intersection-example-simple.proof-node731550,UNSAT,0.00,0.01,4736,0
quant_smtcomp_intersection-example-simple.proof-node73166,UNSAT,0.00,0.01,4880,0
quant_smtcomp_intersection-example-simple.proof-node731764,UNSAT,0.00,0.01,4736,0
quant_smtcomp_intersection-example-simple.proof-node731876,UNSAT,0.00,0.01,4768,0
quant_smtcomp_intersection-example-simple.proof-node731886,UNSAT,0.00,0.01,4720,0
quant_smtcomp_intersection-example-simple.proof-node731896,UNSAT,0.00,0.01,4736,0
quant_smtcomp_intersection-example-simple.proof-node731967,UNSAT,0.00,0.01,4912,0
quant_smtcomp_intersection-example-simple.proof-node732160,UNSAT,0.00,0.01,4928,0
quant_smtcomp_intersection-example-simple.proof-node732272,UNSAT,0.00,0.01,4896,0
quant_smtcomp_intersection-example-simple.proof-node732476,UNSAT,0.00,0.01,4896,0
quant_smtcomp_intersection-example-simple.proof-node732685,UNSAT,0.00,0.01,4896,0
quant_smtcomp_intersection-example-simple.proof-node732899,UNSAT,0.00,0.01,4848,0
quant_smtcomp_intersection-example-simple.proof-node733011,UNSAT,0.00,0.01,4752,0
quant_smtcomp_intersection-example-simple.proof-node733082,UNSAT,0.00,0.01,4880,0
quant_smtcomp_intersection-example-simple.proof-node733363,UNSAT,0.00,0.01,4928,0
quant_smtcomp_intersection-example-simple.proof-node733475,UNSAT,0.00,0.01,4880,0
quant_smtcomp_intersection-example-simple.proof-node733679,UNSAT,0.00,0.01,4880,0
quant_smtcomp_intersection-example-simple.proof-node733888,UNSAT,0.00,0.01,4848,0
quant_smtcomp_intersection-example-simple.proof-node734000,UNSAT,0.00,0.01,4880,0
quant_smtcomp_intersection-example-simple.proof-node734112,UNSAT,0.00,0.01,4896,0
quant_smtcomp_intersection-example-simple.proof-node734183,UNSAT,0.00,0.01,4912,0
quant_smtcomp_intersection-example-simple.proof-node734291,UNSAT,0.00,0.01,4896,0
quant_smtcomp_intersection-example-simple.proof-node734415,UNSAT,0.00,0.01,4960,0
quant_smtcomp_intersection-example-simple.proof-node734497,UNSAT,0.00,0.01,4800,0
quant_smtcomp_intersection-example-simple.proof-node734579,UNSAT,0.00,0.01,4480,0
quant_smtcomp_intersection-example-simple.proof-node734638,UNSAT,0.00,0.01,4976,0
quant_smtcomp_intersection-example-simple.proof-node734678,UNSAT,0.00,0.01,4912,0
quant_smtcomp_intersection-example-simple.proof-node734846,UNSAT,0.00,0.01,4528,0
quant_smtcomp_intersection-example-simple.proof-node735060,UNSAT,0.00,0.01,4736,0
quant_smtcomp_intersection-example-simple.proof-node735172,UNSAT,0.00,0.01,4752,0
quant_smtcomp_intersection-example-simple.proof-node735284,UNSAT,0.00,0.01,4864,0
quant_smtcomp_intersection-example-simple.proof-node735312,UNSAT,0.00,0.01,4848,0
quant_smtcomp_intersection-example-simple.proof-node735482,UNSAT,0.00,0.01,4720,0
quant_smtcomp_intersection-example-simple.proof-node735541,UNSAT,0.00,0.01,4960,0
quant_smtcomp_intersection-example-simple.proof-node735641,UNSAT,0.00,0.01,4944,0
quant_smtcomp_intersection-example-simple.proof-node735651,UNSAT,0.00,0.01,4880,0
quant_smtcomp_intersection-example-simple.proof-node735679,UNSAT,0.00,0.01,4784,0
quant_smtcomp_intersection-example-simple.proof-node73569,UNSAT,0.00,0.01,4864,0
quant_smtcomp_intersection-example-simple.proof-node735707,UNSAT,0.00,0.01,4736,0
quant_smtcomp_intersection-example-simple.proof-node735916,UNSAT,0.00,0.01,4752,0
quant_smtcomp_intersection-example-simple.proof-node736120,UNSAT,0.00,0.01,4736,0
quant_smtcomp_intersection-example-simple.proof-node736334,UNSAT,0.00,0.01,4752,0
quant_smtcomp_intersection-example-simple.proof-node736446,UNSAT,0.00,0.01,4720,0
quant_smtcomp_intersection-example-simple.proof-node736558,UNSAT,0.00,0.01,4864,0
quant_smtcomp_intersection-example-simple.proof-node736586,UNSAT,0.00,0.01,4848,0
quant_smtcomp_intersection-example-simple.proof-node736756,UNSAT,0.00,0.01,4752,0
quant_smtcomp_intersection-example-simple.proof-node73681,UNSAT,0.00,0.01,4896,0
quant_smtcomp_intersection-example-simple.proof-node736815,UNSAT,0.00,0.01,4912,0
quant_smtcomp_intersection-example-simple.proof-node736915,UNSAT,0.00,0.01,4912,0
quant_smtcomp_intersection-example-simple.proof-node737027,UNSAT,0.00,0.01,4720,0
quant_smtcomp_intersection-example-simple.proof-node737037,UNSAT,0.00,0.01,4864,0
quant_smtcomp_intersection-example-simple.proof-node737047,UNSAT,0.00,0.01,4768,0
quant_smtcomp_intersection-example-simple.proof-node737256,UNSAT,0.00,0.01,4736,0
quant_smtcomp_intersection-example-simple.proof-node737460,UNSAT,0.00,0.01,4736,0
quant_smtcomp_intersection-example-simple.proof-node737674,UNSAT,0.00,0.01,4768,0
quant_smtcomp_intersection-example-simple.proof-node737786,UNSAT,0.00,0.01,4720,0
quant_smtcomp_intersection-example-simple.proof-node737898,UNSAT,0.00,0.01,4912,0
quant_smtcomp_intersection-example-simple.proof-node737926,UNSAT,0.00,0.01,4864,0
quant_smtcomp_intersection-example-simple.proof-node73793,UNSAT,0.00,0.01,4864,0
quant_smtcomp_intersection-example-simple.proof-node738096,UNSAT,0.00,0.01,4736,0
quant_smtcomp_intersection-example-simple.proof-node738155,UNSAT,0.00,0.01,4944,0
quant_smtcomp_intersection-example-simple.proof-node738255,UNSAT,0.00,0.01,4928,0
quant_smtcomp_intersection-example-simple.proof-node738367,UNSAT,0.00,0.01,4752,0
quant_smtcomp_intersection-example-simple.proof-node738377,UNSAT,0.00,0.01,4880,0
quant_smtcomp_intersection-example-simple.proof-node738387,UNSAT,0.00,0.01,4864,0
quant_smtcomp_intersection-example-simple.proof-node738487,UNSAT,0.00,0.01,4720,0
quant_smtcomp_intersection-example-simple.proof-node738527,UNSAT,0.00,0.01,4736,0
quant_smtcomp_intersection-example-simple.proof-node7393,UNSAT,0.00,0.01,4752,0
quant_smtcomp_intersection-example-simple.proof-node74027,UNSAT,0.00,0.01,4896,0
quant_smtcomp_intersection-example-simple.proof-node74139,UNSAT,0.00,0.01,4880,0
quant_smtcomp_intersection-example-simple.proof-node74343,UNSAT,0.00,0.01,4896,0
quant_smtcomp_intersection-example-simple.proof-node74552,UNSAT,0.00,0.01,4880,0
quant_smtcomp_intersection-example-simple.proof-node74664,UNSAT,0.00,0.01,4880,0
quant_smtcomp_intersection-example-simple.proof-node74776,UNSAT,0.00,0.01,4896,0
quant_smtcomp_intersection-example-simple.proof-node75135,UNSAT,0.00,0.01,4832,0
quant_smtcomp_intersection-example-simple.proof-node75247,UNSAT,0.00,0.01,4880,0
quant_smtcomp_intersection-example-simple.proof-node75884,UNSAT,0.00,0.01,4880,0
quant_smtcomp_intersection-example-simple.proof-node76118,UNSAT,0.00,0.01,4880,0
quant_smtcomp_intersection-example-simple.proof-node76230,UNSAT,0.00,0.01,4896,0
quant_smtcomp_intersection-example-simple.proof-node76691,UNSAT,0.00,0.01,4928,0
quant_smtcomp_intersection-example-simple.proof-node76925,UNSAT,0.00,0.01,4896,0
quant_smtcomp_intersection-example-simple.proof-node77037,UNSAT,0.00,0.01,4896,0
quant_smtcomp_intersection-example-simple.proof-node77241,UNSAT,0.00,0.01,4864,0
quant_smtcomp_intersection-example-simple.proof-node77450,UNSAT,0.00,0.01,4880,0
quant_smtcomp_intersection-example-simple.proof-node77562,UNSAT,0.00,0.01,4880,0
quant_smtcomp_intersection-example-simple.proof-node77674,UNSAT,0.00,0.01,4912,0
quant_smtcomp_intersection-example-simple.proof-node78179,UNSAT,0.00,0.01,4912,0
quant_smtcomp_intersection-example-simple.proof-node78383,UNSAT,0.00,0.01,4896,0
quant_smtcomp_intersection-example-simple.proof-node7851,UNSAT,0.00,0.01,4768,0
quant_smtcomp_intersection-example-simple.proof-node78597,UNSAT,0.00,0.01,4928,0
quant_smtcomp_intersection-example-simple.proof-node78709,UNSAT,0.00,0.01,4912,0
quant_smtcomp_intersection-example-simple.proof-node78948,UNSAT,0.00,0.01,4976,0
quant_smtcomp_intersection-example-simple.proof-node79356,UNSAT,0.00,0.01,4928,0
quant_smtcomp_intersection-example-simple.proof-node79468,UNSAT,0.00,0.01,4896,0
quant_smtcomp_intersection-example-simple.proof-node79799,UNSAT,0.00,0.01,4912,0
quant_smtcomp_intersection-example-simple.proof-node80329,UNSAT,0.00,0.01,4912,0
quant_smtcomp_intersection-example-simple.proof-node8055,UNSAT,0.00,0.01,4480,0
quant_smtcomp_intersection-example-simple.proof-node81113,UNSAT,0.00,0.01,4896,0
quant_smtcomp_intersection-example-simple.proof-node81352,UNSAT,0.00,0.01,4928,0
quant_smtcomp_intersection-example-simple.proof-node81882,UNSAT,0.00,0.01,4880,0
quant_smtcomp_intersection-example-simple.proof-node82213,UNSAT,0.00,0.01,4912,0
quant_smtcomp_intersection-example-simple.proof-node82427,UNSAT,0.00,0.01,4864,0
quant_smtcomp_intersection-example-simple.proof-node82539,UNSAT,0.00,0.01,4944,0
quant_smtcomp_intersection-example-simple.proof-node8269,UNSAT,0.00,0.01,4496,0
quant_smtcomp_intersection-example-simple.proof-node82997,UNSAT,0.00,0.01,4720,0
quant_smtcomp_intersection-example-simple.proof-node83201,UNSAT,0.00,0.01,4736,0
quant_smtcomp_intersection-example-simple.proof-node83415,UNSAT,0.00,0.01,4704,0
quant_smtcomp_intersection-example-simple.proof-node83695,UNSAT,0.00,0.01,4768,0
quant_smtcomp_intersection-example-simple.proof-node8381,UNSAT,0.00,0.01,4704,0
quant_smtcomp_intersection-example-simple.proof-node83899,UNSAT,0.00,0.01,4736,0
quant_smtcomp_intersection-example-simple.proof-node84113,UNSAT,0.00,0.01,4768,0
quant_smtcomp_intersection-example-simple.proof-node84225,UNSAT,0.00,0.01,4736,0
quant_smtcomp_intersection-example-simple.proof-node84556,UNSAT,0.00,0.01,4736,0
quant_smtcomp_intersection-example-simple.proof-node85004,UNSAT,0.00,0.01,4720,0
quant_smtcomp_intersection-example-simple.proof-node85340,UNSAT,0.00,0.01,4752,0
quant_smtcomp_intersection-example-simple.proof-node85870,UNSAT,0.00,0.01,4720,0
quant_smtcomp_intersection-example-simple.proof-node86109,UNSAT,0.00,0.01,4752,0
quant_smtcomp_intersection-example-simple.proof-node86442,UNSAT,0.00,0.01,4720,0
quant_smtcomp_intersection-example-simple.proof-node86681,UNSAT,0.00,0.01,4752,0
quant_smtcomp_intersection-example-simple.proof-node86885,UNSAT,0.00,0.01,4768,0
quant_smtcomp_intersection-example-simple.proof-node87099,UNSAT,0.00,0.01,4752,0
quant_smtcomp_intersection-example-simple.proof-node87211,UNSAT,0.00,0.01,4736,0
quant_smtcomp_intersection-example-simple.proof-node8722,UNSAT,0.00,0.01,4736,0
quant_smtcomp_intersection-example-simple.proof-node87572,UNSAT,0.00,0.01,4736,0
quant_smtcomp_intersection-example-simple.proof-node87980,UNSAT,0.00,0.01,4752,0
quant_smtcomp_intersection-example-simple.proof-node88092,UNSAT,0.00,0.01,4736,0
quant_smtcomp_intersection-example-simple.proof-node88331,UNSAT,0.00,0.01,4736,0
quant_smtcomp_intersection-example-simple.proof-node88535,UNSAT,0.00,0.01,4736,0
quant_smtcomp_intersection-example-simple.proof-node88749,UNSAT,0.00,0.01,4736,0
quant_smtcomp_intersection-example-simple.proof-node88861,UNSAT,0.00,0.01,4736,0
quant_smtcomp_intersection-example-simple.proof-node89192,UNSAT,0.00,0.01,4736,0
quant_smtcomp_intersection-example-simple.proof-node8926,UNSAT,0.00,0.01,4512,0
quant_smtcomp_intersection-example-simple.proof-node89528,UNSAT,0.00,0.01,4720,0
quant_smtcomp_intersection-example-simple.proof-node89732,UNSAT,0.00,0.01,4496,0
quant_smtcomp_intersection-example-simple.proof-node89946,UNSAT,0.00,0.01,4512,0
quant_smtcomp_intersection-example-simple.proof-node90058,UNSAT,0.00,0.01,4752,0
quant_smtcomp_intersection-example-simple.proof-node90297,UNSAT,0.00,0.01,4736,0
quant_smtcomp_intersection-example-simple.proof-node90501,UNSAT,0.00,0.01,4528,0
quant_smtcomp_intersection-example-simple.proof-node9066,UNSAT,0.00,0.01,4752,0
quant_smtcomp_intersection-example-simple.proof-node90745,UNSAT,0.00,0.01,4752,0
quant_smtcomp_intersection-example-simple.proof-node90984,UNSAT,0.00,0.01,4736,0
quant_smtcomp_intersection-example-simple.proof-node91188,UNSAT,0.00,0.01,4720,0
quant_smtcomp_intersection-example-simple.proof-node91402,UNSAT,0.00,0.01,4752,0
quant_smtcomp_intersection-example-simple.proof-node91514,UNSAT,0.00,0.01,4752,0
quant_smtcomp_intersection-example-simple.proof-node91939,UNSAT,0.00,0.01,4864,0
quant_smtcomp_intersection-example-simple.proof-node92270,UNSAT,0.00,0.01,4864,0
quant_smtcomp_intersection-example-simple.proof-node92382,UNSAT,0.00,0.01,4864,0
quant_smtcomp_intersection-example-simple.proof-node92627,UNSAT,0.00,0.01,4880,0
quant_smtcomp_intersection-example-simple.proof-node92831,UNSAT,0.00,0.01,4880,0
quant_smtcomp_intersection-example-simple.proof-node93040,UNSAT,0.00,0.01,4880,0
quant_smtcomp_intersection-example-simple.proof-node9305,UNSAT,0.00,0.01,4736,0
quant_smtcomp_intersection-example-simple.proof-node93152,UNSAT,0.00,0.01,4928,0
quant_smtcomp_intersection-example-simple.proof-node93986,UNSAT,0.00,0.01,4880,0
quant_smtcomp_intersection-example-simple.proof-node94328,UNSAT,0.00,0.01,4832,0
quant_smtcomp_intersection-example-simple.proof-node94853,UNSAT,0.00,0.01,4896,0
quant_smtcomp_intersection-example-simple.proof-node9509,UNSAT,0.00,0.01,4720,0
quant_smtcomp_intersection-example-simple.proof-node95128,UNSAT,0.00,0.01,4880,0
quant_smtcomp_intersection-example-simple.proof-node95332,UNSAT,0.00,0.01,4896,0
quant_smtcomp_intersection-example-simple.proof-node95541,UNSAT,0.00,0.01,4864,0
quant_smtcomp_intersection-example-simple.proof-node95653,UNSAT,0.00,0.01,4864,0
quant_smtcomp_intersection-example-simple.proof-node96003,UNSAT,0.00,0.01,4864,0
quant_smtcomp_intersection-example-simple.proof-node96115,UNSAT,0.00,0.01,4880,0
quant_smtcomp_intersection-example-simple.proof-node96518,UNSAT,0.00,0.01,4848,0
quant_smtcomp_intersection-example-simple.proof-node96630,UNSAT,0.00,0.01,4864,0
quant_smtcomp_intersection-example-simple.proof-node96742,UNSAT,0.00,0.01,4864,0
quant_smtcomp_intersection-example-simple.proof-node96976,UNSAT,0.00,0.01,4896,0
quant_smtcomp_intersection-example-simple.proof-node97088,UNSAT,0.00,0.01,4912,0
quant_smtcomp_intersection-example-simple.proof-node9723,UNSAT,0.00,0.01,4768,0
quant_smtcomp_intersection-example-simple.proof-node97292,UNSAT,0.00,0.01,4848,0
quant_smtcomp_intersection-example-simple.proof-node97501,UNSAT,0.00,0.01,4864,0
quant_smtcomp_intersection-example-simple.proof-node97613,UNSAT,0.00,0.01,4912,0
quant_smtcomp_intersection-example-simple.proof-node97725,UNSAT,0.00,0.01,4848,0
quant_smtcomp_intersection-example-simple.proof-node98084,UNSAT,0.00,0.01,4864,0
quant_smtcomp_intersection-example-simple.proof-node98196,UNSAT,0.00,0.01,4848,0
quant_smtcomp_intersection-example-simple.proof-node9835,UNSAT,0.00,0.01,4768,0
quant_smtcomp_intersection-example-simple.proof-node98833,UNSAT,0.00,0.01,4896,0
quant_smtcomp_intersection-example-simple.proof-node99067,UNSAT,0.00,0.01,4832,0
quant_smtcomp_intersection-example-simple.proof-node99179,UNSAT,0.00,0.01,4848,0
quant_smtcomp_intersection-example-simple.proof-node99640,UNSAT,0.00,0.01,4848,0
quant_smtcomp_intersection-example-simple.proof-node99874,UNSAT,0.00,0.01,4864,0
quant_smtcomp_intersection-example-simple.proof-node99986,UNSAT,0.00,0.01,4880,0
quant_smtcomp_magnetic_field-node101077,UNSAT,0.00,0.01,5360,0
quant_smtcomp_magnetic_field-node112162,UNSAT,0.00,0.01,5312,0
quant_smtcomp_magnetic_field-node112196,UNSAT,0.00,0.01,5312,0
quant_smtcomp_magnetic_field-node114066,UNSAT,0.00,0.01,5296,0
quant_smtcomp_magnetic_field-node118398,UNSAT,0.00,0.01,4912,0
quant_smtcomp_magnetic_field-node118399,UNSAT,0.00,0.01,5312,0
quant_smtcomp_magnetic_field-node118400,UNSAT,0.00,0.01,4944,0
quant_smtcomp_magnetic_field-node118488,UNSAT,0.00,0.01,5328,0
quant_smtcomp_magnetic_field-node118489,UNSAT,0.00,0.01,4960,0
quant_smtcomp_magnetic_field-node118806,UNSAT,0.00,0.01,5024,0
quant_smtcomp_magnetic_field-node49346,UNSAT,0.00,0.01,5344,0
quant_smtcomp_magnetic_field-node49347,UNSAT,0.00,0.01,4992,0
quant_smtcomp_magnetic_field-node51362,UNSAT,0.00,0.01,5280,0
quant_smtcomp_magnetic_field-node51363,UNSAT,0.00,0.01,5024,0
quant_smtcomp_magnetic_field-node77385,UNSAT,0.00,0.01,5360,0
quant_smtcomp_magnetic_field-node77386,UNSAT,0.00,0.01,5040,0
quant_smtcomp_magnetic_field-node88936,UNSAT,0.00,0.01,4944,0
quant_smtcomp_magnetic_field-node88937,UNSAT,0.00,0.01,5312,0
quant_smtcomp_magnetic_field-node88938,UNSAT,0.00,0.01,4976,0
quant_smtcomp_magnetic_field-node89026,UNSAT,0.00,0.01,5344,0
quant_smtcomp_magnetic_field-node89027,UNSAT,0.00,0.01,5072,0
quant_smtcomp_moving-point-node1721,SAT,0.00,0.01,6288,0
quant_smtcomp_moving-point-node2370,SAT,0.00,0.01,6320,0
quant_smtcomp_rbc-controllability-characterisation-node3243,UNSAT,0.00,0.01,4896,0
quant_smtcomp_rbc-controllability-characterisation-node3299,ERR,0.00,0.01,4880,134
quant_smtcomp_reactivity-lemma-node4238,SAT,0.03,0.03,7408,0
quant_native_safety-lemma-node10952,SAT,0.13,0.14,7616,0
quant_smtcomp_safety-lemma-node11980,SAT,0.01,0.02,6368,0
quant_smtcomp_safety-lemma-node13046,SAT,0.01,0.02,6688,0
quant_smtcomp_safety-lemma-node14050,SAT,0.01,0.02,6592,0
quant_smtcomp_safety-lemma-node7973,SAT,0.01,0.02,6688,0
quant_smtcomp_safety-lemma-node9082,SAT,0.07,0.07,7360,0
quant_smtcomp_strassen-trivial,SAT,0.01,0.01,6736,0
quant_smtcomp_to_left-node1505,SAT,0.03,0.04,6368,0
quant_smtcomp_train_goal1-node5682,SAT,0.01,0.02,6848,0
quant_smtcomp_train_goal2-node5210,SAT,0.01,0.02,6736,0
quant_smtcomp_train_goal3-node5717,TIM,119.97,120.00,8016,124
quant_smtcomp_train_goal4-node5686,SAT,0.01,0.02,7408,0
quant_smtcomp_train_goal5-node7808,SAT,0.02,0.03,8064,0
quant_smtcomp_train_goal6-node8607,SAT,0.06,0.07,7840,0
quant_smtcomp_vsl.proof-node1351,SAT,0.03,0.04,6544,0
quant_smtcomp_vsl.proof-node1377,SAT,0.03,0.04,6592,0
quant_smtcomp_vsl.proof-node1722,SAT,0.05,0.05,6688,0
quant_smtcomp_vsl.proof-node1748,SAT,0.07,0.08,7088,0
quant_native_vsl.proof-node2202,SAT,0.11,0.12,7200,0
quant_smtcomp_vsl.proof-node2228,SAT,0.01,0.02,7152,0
quant_smtcomp_vsl.proof-node2735,SAT,0.03,0.04,6720,0
quant_native_vsl.proof-node2761,SAT,0.13,0.14,8496,0
quant_smtcomp_vsl.proof-node3106,SAT,0.03,0.04,6944,0
quant_smtcomp_vsli-alert.proof-node2416,SAT,0.09,0.09,10640,0
quant_native_vsli-alert.proof-node2442,SAT,0.15,0.15,11632,0
quant_smtcomp_vsli.proof-node2282,SAT,0.06,0.06,6752,0
quant_smtcomp_vsli.proof-node2308,SAT,0.08,0.09,7200,0
